"mean","se","mean_deceased","se_deceased","mean_alive","se_alive","varnameModel","factor_level","factor_description","varname","variable_description","series","N","ncases","time_followup"
0.949336924841766,0.00497587652347786,0.914852841873793,0.0159580203693578,0.953087592745752,0.00462154776867684,"anyone_to_help_social",1,"anyone_to_help_social","anyone_to_help_social","anyone_to_help_social","1;2;3",3650,417,44
0.0757436397248024,0.00383855884649867,0.261412075406341,0.0211196729479787,0.0684057497746118,0.00360808356755122,"any_cancer_self_report",1,"Any cancer or malignancy?","any_cancer_self_report","Any cancer or malignancy?","1;2;3",8607,496,56
0.0707234612965772,0.00377980118754468,0.233729070991361,0.0211620317886573,0.0642812395973776,0.00379123801968516,"any_diabetes",1,"Any Diabetes (FBG >= 126 mg/dL or self-report)","any_diabetes","Any Diabetes (FBG >= 126 mg/dL or self-report)","1;2;3",8607,496,56
0.256028739826207,0.00813403277789847,0.551224874579103,0.0286540857535378,0.24436215394376,0.00791910665710028,"any_ht",1,"Any Hypertension? (BP >= 139/90 or self report)","any_ht","Any Hypertension? (BP >= 139/90 or self report)","1;2;3",8607,496,56
1054.18473070555,15.19835806907,893.378631498299,23.6989894832953,1060.61167153591,15.4507641662111,"bCALCIUM_mg",1,"Total Calcium (mg)","bCALCIUM_mg","Total Calcium (1SD)","1;2;3",8187,470,56
15.9149843946317,0.2096245430723,14.1782243980685,0.65280559535486,15.9828215495164,0.214966157634894,"bDIETARY_FIBER_gm",1,"Total Dietary Fiber (gm)","bDIETARY_FIBER_gm","Total Dietary Fiber (1SD)","1;2;3",8429,476,56
400.43993836068,55.6395501746386,278.868530016717,20.0253216768699,403.71993936316,57.1839265465018,"bFOLIC_ACID_mcg",1,"Total Folic Acid (mcg)","bFOLIC_ACID_mcg","Total Folic Acid (1SD)","2;3",5764,247,46
336.709012233066,6.55169989027711,287.378008464038,9.93041718757583,338.652450821169,6.79395155379557,"bMAGNESIUM_mg",1,"Total Magnesium (mg)","bMAGNESIUM_mg","Total Magnesium (1SD)","1;2;3",8354,475,56
27.9408373258993,0.112981160120865,28.2529993428947,0.388521021997257,27.9285002233706,0.115198679289205,"BMXBMI",1,"Body Mass Index (kg/m**2)","BMXBMI","Body Mass Index (1SD)","1;2;3",8607,496,56
38.7738702478249,0.0679492012368424,37.0641787726179,0.304448960567569,38.839482222414,0.0711036524045909,"BMXCALF",1,"Maximal Calf Circumference (cm)","BMXCALF","Maximal Calf Circumference (1SD)","1;2;3",8526,474,56
169.61728329441,0.134903580782116,168.165558125646,0.587968527919602,169.674657610551,0.139857137828786,"BMXHT",1,"Standing Height (cm)","BMXHT","Standing Height (1SD)","1;2;3",8607,496,56
40.916556831027,0.0687375385446186,39.7738467278506,0.209047870953289,40.9606384716559,0.0667421831098423,"BMXLEG",1,"Upper Leg Length (cm)","BMXLEG","Upper Leg Length (1SD)","1;2;3",8480,467,56
19.5035208367816,0.18207502462915,18.1923974812173,0.472337474318254,19.5547377397201,0.188122313405536,"BMXSUB",1,"Subscapular Skinfold (mm)","BMXSUB","Subscapular Skinfold (1SD)","1;2;3",6993,416,56
53.4703430424322,0.125593912100964,50.5372958673531,0.508565446755552,53.5823051587267,0.128692148443227,"BMXTHICR",1,"Thigh Circumference (cm)","BMXTHICR","Thigh Circumference (1SD)","1;2;3",8454,457,56
18.9651898319036,0.129738169460922,17.9311737228216,0.756246073642715,19.0068158300071,0.128371811606727,"BMXTRI",1,"Triceps Skinfold (mm)","BMXTRI","Triceps Skinfold (1SD)","1;2;3",7926,465,56
95.9812619385152,0.292509414658392,101.222453821572,0.854482576679078,95.7805086337102,0.299244212283033,"BMXWAIST",1,"Waist Circumference (cm)","BMXWAIST","Waist Circumference (1SD)","1;2;3",8514,465,56
80.6083830994947,0.320149715793698,80.2287376339925,1.32910081751972,80.6233872472688,0.339271666257719,"BMXWT",1,"Weight (kg)","BMXWT","Weight (1SD)","1;2;3",8607,496,56
1387.3210832498,12.7958128442197,1191.4505810694,37.2151656357793,1395.00113719821,12.9479293936466,"bPHOSPHORUS_mg",1,"Total Phosphorus (mg)","bPHOSPHORUS_mg","Total Phosphorus (1SD)","1;2;3",8391,475,56
2821.4274889684,26.9994962115159,2559.29688894638,82.0515667815131,2831.71302399246,27.2197222880477,"bPOTASSIUM_mg",1,"bPOTASSIUM_mg","bPOTASSIUM_mg","bPOTASSIUM_mg (1SD)","1;2;3",8387,475,56
71.9958912266481,0.238998229074999,73.3517716849911,0.828340008487033,71.9426105914541,0.235448139657308,"BPXPLS",1,"60 sec. pulse (30 sec. pulse * 2):","BPXPLS","60 sec. pulse: (1SD)","1;2;3",8471,485,56
3540.03003464579,29.6252010779195,3039.66436230854,99.5768093420617,3559.78958939088,29.0717042925452,"bSODIUM_mg",1,"Total Sodium (mg)","bSODIUM_mg","Total Sodium (1SD)","1;2;3",8341,475,56
620.993333245347,11.5408819017749,594.357054673528,43.7222256091768,621.716093925029,11.6803928228061,"bVITAMIN_A_mcg",1,"bVITAMIN_A_mcg","bVITAMIN_A_mcg","bVITAMIN_A_mcg (1SD)","2;3",5915,254,46
0.0326211639117776,0.00229452457797107,0.157738462158827,0.0217546994459888,0.0277275021607992,0.00222335743517205,"cad",1,"Any CAD (self report)","cad","Any CAD (self report)","1;2;3",8568,489,56
178.358310922733,11.47937067321,152.178500209564,22.1592809312224,179.417455427721,11.6176812983205,"CALCIUM_mg",1,"CALCIUM_mg","CALCIUM_mg","CALCIUM_mg (1SD)","1;2;3",8356,490,56
48.9252851666354,0.656749728611461,39.4756471608397,0.895952522263441,50.5838976108288,0.699970061965405,"CFDFINSH",1,"Exercises Finished","CFDFINSH","Exercises Finished (1SD)","1;2",1520,253,65
48.423336937864,0.685051488622033,38.5666267941051,0.927777591258035,50.153399199849,0.719595442424523,"CFDRIGHT",1,"Exercises Correct","CFDRIGHT","Exercises Correct (1SD)","1;2",1520,253,65
0.855109511720389,0.030611299141951,0.941517736859293,0.0340814192901222,0.853155971778737,0.0309942391637242,"community_supply",1,"Community Water Supply","community_supply","Community Water Supply","3",2014,83,35
0.631130935934457,0.110709787279952,0.634607145603177,0.0759962545558133,0.630992404352187,0.115012879608643,"COPPER_mg",1,"COPPER_mg","COPPER_mg","COPPER_mg (1SD)","1;2;3",8522,495,56
1.93218158184739,0.0190807203720005,1.9067312034506,0.0965962613380551,1.93279318642728,0.0195775398988833,"DBD100",1,"How often add salt to food at table","DBD100","How often add salt to food at table (1SD)","2;3",3904,149,45
2.0459034974108,0.0655470061972371,2.22252967782024,0.176239112501442,2.03991094446748,0.0662736914240379,"DBQ095",1,"Type of salt used at table","DBQ095","Type of salt used at table (1SD)","2",2967,148,58
383.977911249273,15.6696399054029,382.053121649943,61.4095262005285,384.030139349955,15.8634247509991,"DR1TACAR",1,"Alpha-carotene (mcg)","DR1TACAR","Alpha-carotene (1SD(log))","2;3",5915,254,46
12.3808759873728,0.74082231263772,7.03796938104994,0.897628626224905,12.5895466058984,0.758121629921053,"DR1TALCO",1,"Alcohol (gm)","DR1TALCO","Alcohol (1SD(log))","1;2;3",8431,476,56
7.20384799427233,0.085837728675045,5.79503292963709,0.268959969911885,7.24207541147393,0.0845734156419002,"DR1TATOC",1,"Vitamin E as alpha-tocopherol (mg)","DR1TATOC","Vitamin E as alpha-tocopherol (1SD(log))","2;3",5915,254,46
2018.73157193141,59.4622954106645,1830.25437928697,249.458124357173,2023.8457962587,60.662656973255,"DR1TBCAR",1,"Beta-carotene (mcg)","DR1TBCAR","Beta-carotene (1SD(log))","2;3",5915,254,46
212.579714017794,5.71822237971885,187.327535364542,17.5162723675962,213.565953929316,5.76652050203156,"DR1TCAFF",1,"Caffeine (mg)","DR1TCAFF","Caffeine (1SD(log))","1;2;3",8431,476,56
879.327875258795,9.72599302605537,748.419007291241,25.9228606716492,884.440604427025,9.78807584839907,"DR1TCALC",1,"Calcium (mg)","DR1TCALC","Calcium (1SD(log))","1;2;3",8431,476,56
276.399537686821,1.86043133418532,223.838927214281,6.52346218712237,278.452325786169,1.81752864133259,"DR1TCARB",1,"Carbohydrate (gm)","DR1TCARB","Carbohydrate (1SD(log))","1;2;3",8431,476,56
504.101362932765,39.10020182717,382.445003362463,43.7890329709563,510.794977477591,40.0283015178408,"DR1TCARO",1,"Carotene","DR1TCARO","Carotene (1SD(log))","1",2516,222,80
294.654223236227,3.2023229170456,294.089777329029,18.0971130928887,294.676268030429,3.16857718646305,"DR1TCHOL",1,"Cholesterol (mg)","DR1TCHOL","Cholesterol (1SD(log))","1;2;3",8431,476,56
1.32935166903507,0.0148605780229026,1.11627329382701,0.036934625657373,1.3376735806134,0.015291076197225,"DR1TCOPP",1,"Copper (mg)","DR1TCOPP","Copper (1SD(log))","1;2;3",8431,476,56
142.429761688522,5.55731440389528,114.909315538105,14.2121346199011,143.176513766189,5.60945590759849,"DR1TCRYP",1,"Beta-cryptoxanthin (mcg)","DR1TCRYP","Beta-cryptoxanthin (1SD(log))","2;3",5915,254,46
197.616798488324,3.6007736141019,169.218091938301,11.6362474991235,198.387381675944,3.56454012265577,"DR1TFA",1,"Folic acid (mcg)","DR1TFA","Folic acid (1SD(log))","2;3",5915,254,46
554.393292793747,7.47860443974449,473.055014790083,26.6333008485463,556.600361958294,7.43837253376147,"DR1TFDFE",1,"Folate, DFE (mcg)","DR1TFDFE","Folate, DFE (1SD(log))","2;3",5915,254,46
218.169822677837,2.46705286447802,185.371001593492,11.380756207848,219.059800538513,2.54883279791841,"DR1TFF",1,"Food folate (mcg)","DR1TFF","Food folate (1SD(log))","2;3",5915,254,46
15.8826625123043,0.209363332268878,14.1611210344496,0.651591059975349,15.9498984105654,0.214758138873495,"DR1TFIBE",1,"Dietary fiber (gm)","DR1TFIBE","Dietary fiber (1SD(log))","1;2;3",8431,476,56
400.591884930751,5.64665277907992,345.940549059869,14.3394944187632,402.726327641378,5.71168095330163,"DR1TFOLA",1,"Total Folate (mcg)","DR1TFOLA","Total Folate (1SD(log))","1;2;3",8431,476,56
15.8300681367094,0.182579611847331,14.2433004269206,0.454683055356111,15.8920403596687,0.183665931548594,"DR1TIRON",1,"Iron (mg)","DR1TIRON","Iron (1SD(log))","1;2;3",8431,476,56
2254.90917016995,15.0560722676363,1874.60379778995,60.864775954747,2269.76223857081,14.7880573294806,"DR1TKCAL",1,"Energy (kcal)","DR1TKCAL","Energy (1SD(log))","1;2;3",8431,476,56
6604.39239509625,259.170230090286,3946.69332336684,699.973964835238,6676.507588752,260.385072736418,"DR1TLYCO",1,"Lycopene (mcg)","DR1TLYCO","Lycopene (1SD(log))","2;3",5915,254,46
1471.14599321117,50.9972833273074,1352.75081584789,218.985890912984,1474.35858083416,51.5578026911944,"DR1TLZ",1,"Lutein + zeaxanthin (mcg)","DR1TLZ","Lutein + zeaxanthin (1SD(log))","2;3",5915,254,46
1.45223488314856,0.0173541331039841,1.30866006428263,0.0759994742681082,1.45784228909161,0.0168425226762399,"DR1TM161",1,"MFA 16:1 (Hexadecenoic) (gm)","DR1TM161","MFA 16:1 (1SD(log))","1;2;3",8431,476,56
29.461322192854,0.231596537468116,26.0062734471516,1.3195239974278,29.5962613209213,0.227515147555687,"DR1TM181",1,"MFA 18:1 (Octadecenoic) (gm)","DR1TM181","MFA 18:1 (1SD(log))","1;2;3",8431,476,56
0.204504819228641,0.0069592600676367,0.163772945039659,0.0105329504061083,0.206095628502878,0.00727972389642487,"DR1TM201",1,"MFA 20:1 (Eicosenoic) (gm)","DR1TM201","MFA 20:1 (1SD(log))","1;2;3",8431,476,56
0.0526263873236793,0.00833160582115373,0.0353662678075832,0.00626303431298362,0.0533004922782722,0.0086780470038572,"DR1TM221",1,"MFA 22:1 (Docosenoic) (gm)","DR1TM221","MFA 22:1 (1SD(log))","1;2;3",8431,476,56
288.75136046345,2.95699063295252,254.699943427497,9.69943911067125,290.081260231145,3.02034336088187,"DR1TMAGN",1,"Magnesium (mg)","DR1TMAGN","Magnesium (1SD(log))","1;2;3",8431,476,56
31.6505289045876,0.2488617089453,27.8673612550152,1.41323889884187,31.7982829253089,0.244092688925464,"DR1TMFAT",1,"Total monounsaturated fatty acids (gm)","DR1TMFAT","Total monounsaturated fatty acids (1SD(log))","1;2;3",8431,476,56
2126.15888155558,22.9118966557223,1698.99450310896,67.7441087713669,2137.74975059045,23.9899775066025,"DR1TMOIS",1,"Moisture (gm)","DR1TMOIS","Moisture (1SD(log))","2;3",5915,254,46
23.9032782022008,0.227046914140453,20.2101404178807,0.676971574044537,24.0475160492263,0.224913849703566,"DR1TNIAC",1,"Niacin (mg)","DR1TNIAC","Niacin (1SD(log))","1;2;3",8431,476,56
15.2703414459748,0.158203925898189,13.6429162503393,0.667411058337856,15.3339015729243,0.159887639170656,"DR1TP182",1,"PFA 18:2 (Octadecadienoic) (gm)","DR1TP182","PFA 18:2 (1SD(log))","1;2;3",8431,476,56
1.52759217894295,0.0181638385815824,1.31456790951819,0.0641349929775812,1.53591197738547,0.0187553922990758,"DR1TP183",1,"PFA 18:3 (Octadecatrienoic) (gm)","DR1TP183","PFA 18:3 (1SD(log))","1;2;3",8431,476,56
0.00595429786761761,0.000368145810594274,0.0041352189052419,0.00098062331986143,0.00602534315442398,0.000370067296013043,"DR1TP184",1,"PFA 18:4 (Octadecatetraenoic) (gm)","DR1TP184","PFA 18:4 (1SD(log))","1;2;3",8431,476,56
0.139575899028801,0.00196186233459583,0.137375050096393,0.0086117453171851,0.139661854584802,0.00193373882191315,"DR1TP204",1,"PFA 20:4 (Eicosatetraenoic) (gm)","DR1TP204","PFA 20:4 (1SD(log))","1;2;3",8431,476,56
0.0416180393647797,0.00221959771123373,0.0346914869563424,0.00553959941028627,0.0418885602781732,0.00226410517789196,"DR1TP205",1,"PFA 20:5 (Eicosapentaenoic) (gm)","DR1TP205","PFA 20:5 (1SD(log))","1;2;3",8431,476,56
0.0166979526333677,0.000694909798803634,0.0147031217835342,0.00196039245464019,0.0167758620220132,0.000703702999141405,"DR1TP225",1,"PFA 22:5 (Docosapentaenoic) (gm)","DR1TP225","PFA 22:5 (1SD(log))","1;2;3",8431,476,56
0.0788399558102189,0.00288223436095071,0.0673053617285928,0.00595740525498986,0.0792904467243977,0.00293022991859847,"DR1TP226",1,"PFA 22:6 (Docosahexaenoic) (gm)","DR1TP226","PFA 22:6 (1SD(log))","1;2;3",8431,476,56
17.2995207358567,0.177880259661715,15.3517083425584,0.729553562955565,17.3755937887527,0.180279829984883,"DR1TPFAT",1,"Total polyunsaturated fatty acids (gm)","DR1TPFAT","Total polyunsaturated fatty acids (1SD(log))","1;2;3",8431,476,56
1357.01805578746,11.0763571118661,1170.4023965631,37.2834695320296,1364.30644914826,11.1471840139343,"DR1TPHOS",1,"Phosphorus (mg)","DR1TPHOS","Phosphorus (1SD(log))","1;2;3",8431,476,56
2800.5397416474,26.1509182887229,2531.25727586197,83.1561695806017,2811.05673975982,26.3367454537476,"DR1TPOTA",1,"Potassium (mg)","DR1TPOTA","Potassium (1SD(log))","1;2;3",8431,476,56
84.0029424551866,0.628666659603554,72.1088028454399,2.48453522391214,84.4674756488342,0.609403254534584,"DR1TPROT",1,"Protein (gm)","DR1TPROT","Protein (1SD(log))","1;2;3",8431,476,56
430.210683667144,10.0141079202543,420.724818317088,31.6952480481681,430.46807737435,10.0432937854137,"DR1TRET",1,"Retinol (mcg)","DR1TRET","Retinol (1SD(log))","2;3",5915,254,46
0.573027051317202,0.00838059694067068,0.491215131209451,0.0253000464070651,0.576222267934211,0.00839103288697795,"DR1TS040",1,"SFA 4:0 (Butanoic) (gm)","DR1TS040","SFA 4:0 (1SD(log))","1;2;3",8431,476,56
0.300460476257133,0.00445103764020578,0.273120816235148,0.0128997891041467,0.301528244082293,0.00445604179360961,"DR1TS060",1,"SFA 6:0 (Hexanoic) (gm)","DR1TS060","SFA 6:0 (1SD(log))","1;2;3",8431,476,56
0.237312614396961,0.00330681349096534,0.221439959299657,0.0124577978978558,0.23793253104549,0.00324919825845756,"DR1TS080",1,"SFA 8:0 (Octanoic) (gm)","DR1TS080","SFA 8:0 (1SD(log))","1;2;3",8431,476,56
0.452094327897131,0.00632671356594165,0.410601002279156,0.0194366988083739,0.453714876141627,0.00621468315818964,"DR1TS100",1,"SFA 10:0 (Decanoic) (gm)","DR1TS100","SFA 10:0 (1SD(log))","1;2;3",8431,476,56
0.769048418722736,0.0137112049798813,0.748046377651917,0.0734176187374812,0.769868666805561,0.0139565189614803,"DR1TS120",1,"SFA 12:0 (Dodecanoic) (gm)","DR1TS120","SFA 12:0 (1SD(log))","1;2;3",8431,476,56
2.36159547972476,0.0289311380071838,2.0906669040702,0.09625476680184,2.37217676770595,0.0283720837715192,"DR1TS140",1,"SFA 14:0 (Tetradecanoic) (gm)","DR1TS140","SFA 14:0 (1SD(log))","1;2;3",8431,476,56
15.2513460425362,0.145022415514016,13.4839814862692,0.609698093461748,15.3203715902933,0.144827961897565,"DR1TS160",1,"SFA 16:0 (Hexadecanoic) (gm)","DR1TS160","SFA 16:0 (1SD(log))","1;2;3",8431,476,56
7.14473321319646,0.0712824269356451,6.26070080137694,0.315680454475198,7.17925966176899,0.070423153994679,"DR1TS180",1,"SFA 18:0 (Octadecanoic) (gm)","DR1TS180","SFA 18:0 (1SD(log))","1;2;3",8431,476,56
112.056671248496,1.1560289619542,98.3922832488368,3.5494939495131,112.59034261986,1.14561789035281,"DR1TSELE",1,"Selenium (mcg)","DR1TSELE","Selenium (1SD(log))","1;2;3",8431,476,56
27.8735285631282,0.268611642281265,24.6347997651057,1.09667096725165,28.0000191779408,0.266698182161764,"DR1TSFAT",1,"Total saturated fatty acids (gm)","DR1TSFAT","Total saturated fatty acids (1SD(log))","1;2;3",8431,476,56
3548.72664889531,37.0558975924576,2621.35960287516,124.624204979012,3568.28568281137,37.5552044423801,"DR1TSODI",1,"Sodium (mg)","DR1TSODI","Sodium (1SD(log))","3",2960,110,34
129.162518814223,1.5252715402257,93.6424310478718,3.67475609699375,130.126336740483,1.56620949909902,"DR1TSUGR",1,"Total sugars (gm)","DR1TSUGR","Total sugars (1SD(log))","2;3",5915,254,46
84.5795438130496,0.678118520834744,74.594771050754,3.23788181188144,84.9695054690666,0.673035029866858,"DR1TTFAT",1,"Total fat (gm)","DR1TTFAT","Total fat (1SD(log))","1;2;3",8431,476,56
44.1213439741759,1.57166599999055,25.147544191981,2.60712880947479,44.8623778024008,1.65122885249997,"DR1TTHEO",1,"Theobromine (mg)","DR1TTHEO","Theobromine (1SD(log))","1;2;3",8431,476,56
6669.64046317552,386.271683836469,5671.35313885246,504.651534999092,6724.5669016914,399.447046080538,"DR1TVAIU",1,"Vitamin A","DR1TVAIU","Vitamin A (1SD(log))","1",2516,222,80
620.709011101792,11.4424037133929,594.357054673528,43.7222256091768,621.424056857441,11.5760343323505,"DR1TVARA",1,"Vitamin A, RAE (mcg)","DR1TVARA","Vitamin A, RAE (1SD(log))","2;3",5915,254,46
995.962636390903,40.3394418702603,939.975322618145,86.4938306656638,999.0430959667,41.917568911343,"DR1TVARE",1,"Retinol","DR1TVARE","Retinol (1SD(log))","1",2516,222,80
1.6670541376295,0.0206263541356767,1.46105503918492,0.0500783252066247,1.67509956354754,0.0204539121489104,"DR1TVB1",1,"Thiamin (Vitamin B1) (mg)","DR1TVB1","Thiamin (1SD(log))","1;2;3",8431,476,56
5.35464634607926,0.122260069081771,5.43663878851135,0.5815715523982,5.35144407904796,0.116001347705264,"DR1TVB12",1,"Vitamin B12 (mcg)","DR1TVB12","Vitamin B12 (1SD(log))","1;2;3",8431,476,56
2.17435940735574,0.0266483052238153,1.97887653334946,0.0670944494485318,2.18199411543425,0.0268152789861561,"DR1TVB2",1,"Riboflavin (Vitamin B2) (mg)","DR1TVB2","Riboflavin (1SD(log))","1;2;3",8431,476,56
1.90811647083784,0.0229267431665262,1.71550892756045,0.0705657428990904,1.91563888104446,0.0234363155492958,"DR1TVB6",1,"Vitamin B6 (mg)","DR1TVB6","Vitamin B6 (1SD(log))","1;2;3",8431,476,56
92.9776807090247,2.63909626664214,89.5717472364742,6.56747407384619,93.1107016088347,2.70966894090985,"DR1TVC",1,"Vitamin C (mg)","DR1TVC","Vitamin C (1SD(log))","1;2;3",8431,476,56
9.41868540469353,0.1655329286766,8.15214077082969,0.626832267275386,9.48837154040272,0.161494521712036,"DR1TVE",1,"Vitamin E","DR1TVE","Vitamin E (1SD(log))","1",2516,222,80
92.0070965520036,2.25573681447843,81.1031946538911,10.1977365319642,92.3029678962615,2.27284918923453,"DR1TVK",1,"Vitamin K (mcg)","DR1TVK","Vitamin K (1SD(log))","2;3",5915,254,46
2137.88903312062,36.9562126771269,1912.67327626777,100.069784944656,2150.28055520068,37.3766171030925,"DR1TWATE",1,"Water","DR1TWATE","Water (1SD(log))","1",2516,222,80
12.2914330336324,0.127654841453634,10.8077343800759,0.476911282483239,12.3493798289923,0.124522849133627,"DR1TZINC",1,"Zinc (mg)","DR1TZINC","Zinc (1SD(log))","1;2;3",8431,476,56
1190.35482357635,55.5156811789954,991.236310560907,99.760298467693,1194.57788737749,57.6396117958243,"DR1_320",1,"Total plain water drank yesterday (gm)","DR1_320","Total plain water drank yesterday (1SD(log))","3",2970,112,34
810.316645087868,45.7029989278529,837.574405791834,94.9928153908929,809.738540818276,47.1110908949174,"DR1_330",1,"Total tap water drank yesterday (gm)","DR1_330","Total tap water drank yesterday (1SD(log))","3",2970,112,34
0.15697271925371,0.00565326084695588,0.267720685002636,0.0283731724126593,0.152595796585675,0.00595810155652839,"drink_five_per_day",1,"drink 5 in a day","drink_five_per_day","drink 5 in a day","1;2;3",8607,496,56
1.33260775673487,0.0484697255197223,1.69180647781063,0.223379207330379,1.31840802578086,0.047170202712322,"DSDCOUNT",1,"DSDCOUNT","DSDCOUNT","DSDCOUNT (1SD)","1;2;3",8604,496,56
0.740630143050536,0.0105648605057744,0.662002240806346,0.0259530374706804,0.749187542359653,0.0115293271289014,"first_degree_support",1,"first_degree_support","first_degree_support","first_degree_support","1;2;3",3701,423,44
163.471398050673,22.801125630446,132.922855230661,16.0465742681512,164.681764794296,23.6693540254738,"FOLIC_ACID_mcg",1,"FOLIC_ACID_mcg","FOLIC_ACID_mcg","FOLIC_ACID_mcg (1SD)","1;2;3",8444,488,56
0.194677156698237,0.0171757481176089,0.0889209579768979,0.0415377044578051,0.19935725810734,0.0174885883589301,"foundation_treat",1,"foundation_treat","foundation_treat","foundation_treat","1;2;3",1699,110,57
8.63968132053363,0.106005295192755,11.7729388826317,0.479750410428605,8.51976407592318,0.108868624524318,"framingham",1,"Framingham Risk Score","framingham","Framingham Risk Score (1SD)","1;2;3",3997,205,53
0.177055505996157,0.0100951342949627,0.161491301652761,0.0266499688310389,0.17767429075078,0.0100721165269785,"hepa",1,"hepatitis a","hepa","hepatitis a (1SD)","1;2;3",8178,478,56
0.420694618616845,0.0154720654928516,0.168372262868084,0.0431888758436249,0.430794689066971,0.01606113666028,"hepb",1,"hepatitis b","hepb","hepatitis b (1SD)","1;2;3",8008,469,56
3.13939176927558,0.0734085783133655,3.42876713200952,0.15183421316626,3.12800120994002,0.0754625615662214,"house_age",1,"house age","house_age","house age (1SD)","1;2;3",7019,424,56
0.811518877497404,0.0416551939594734,0.781296502880915,0.0792610929008002,0.812713360389757,0.0416344902852009,"house_type",1,"house type","house_type","house type (1SD)","1;2;3",8606,496,56
3.28691239360247,0.0264771372855639,3.8669372900053,0.0823044267490278,3.26397316508821,0.0270697003190892,"how_many_years_in_house",1,"years in house","how_many_years_in_house","years in house (1SD)","1;2;3",8597,496,56
5.42212519727346,1.03119954534694,3.91768024586633,0.587684057413186,5.48168222305009,1.07081711808996,"IRON_mg",1,"IRON_mg","IRON_mg","IRON_mg (1SD)","1;2;3",8484,490,56
0.0479426271959044,0.00152343581163457,0.103573382400928,0.014265955152308,0.0463173654323318,0.00141514658638223,"LBD199",1,"PCB199 (ng/g)","LBD199","PCB199 (1SD(log))","2;3",1815,79,48
32.4022995869825,0.658225087476705,34.4636385697939,1.30193527423684,32.3585870902092,0.664809172893607,"LBDATCSI",1,"a-Tocopherol(umol/L)","LBDATCSI","a-Tocopherol (1SD(log))","3",2995,112,34
0.0395628648311903,0.00112712219050459,0.0468189642799827,0.00372378119963569,0.0392797583960839,0.00112761184771565,"LBDBANO",1,"Basophils number","LBDBANO","Basophils number (1SD(log))","1;2;3",8551,489,56
0.199299368769478,0.002214887092416,0.216458379927786,0.00816756426610031,0.198629886975125,0.00225931224246219,"LBDEONO",1,"Eosinophils number","LBDEONO","Eosinophils number (1SD(log))","1;2;3",8551,489,56
0.0020515899266403,0.000689928185011157,0.00782659010600403,0.00471007260873807,0.00182324574821851,0.00063726418311391,"LBDHBG",1,"Hepatitis B surface antigen","LBDHBG","Hepatitis B surface antigen","1;2;3",8600,496,56
0.0207920837309784,0.00222933785587346,0.022037795181147,0.00884530424680252,0.0207429913209686,0.00221919428288197,"LBDHCV",1,"Hepatitis C antibody (confirmed)","LBDHCV","Hepatitis C antibody (confirmed)","1;2;3",8564,494,56
0.000564016481257966,0.000471062906204202,0.00271690844379719,0.00273362586263942,0.000478890882790704,0.000477783436554948,"LBDHD",1,"Hepatitis D (anti-HDV)","LBDHD","Hepatitis D (anti-HDV)","1;2;3",8600,496,56
54.0892429980412,0.561485273609053,52.1973775305096,1.63411973105961,54.1297560573474,0.572544831075441,"LBDHDD",1,"Direct HDL-Cholesterol (mg/dL)","LBDHDD","Direct HDL-Cholesterol (1SD(log))","3",3014,114,34
1.39883939365331,0.0145225721875294,1.34993697366141,0.0421551935134269,1.39988660693319,0.0148102305774949,"LBDHDDSI",1,"Direct HDL-Cholesterol (mmol/L)","LBDHDDSI","Direct HDL-Cholesterol (1SD(log))","3",3014,114,34
51.7502260817964,0.358984538220372,51.4794493101695,1.16918675786781,51.7609280313795,0.357703805801737,"LBDHDL",1,"HDL-cholesterol (mg/dL)","LBDHDL","HDL-cholesterol (1SD(log))","1;2;3",8606,496,56
1.32585292437107,0.0106054451131571,1.33450083625192,0.0312652213141678,1.32544395848375,0.0105844414853839,"LBDHDLSI",1,"HDL-cholesterol (mmol/L)","LBDHDLSI","HDL-cholesterol (1SD(log))","1;2",5592,382,68
121.787008553002,0.871238187828027,122.895566908866,2.66094933896544,121.748314107325,0.900957777426396,"LBDLDL",1,"LDL-cholesterol (mg/dL)","LBDLDL","LDL-cholesterol (1SD(log))","1;2;3",3987,214,56
3.1493027706295,0.0225305294121518,3.17763718078086,0.0687785300169792,3.14831375251547,0.0233031937035055,"LBDLDLSI",1,"LDL-cholesterol (mmol/L)","LBDLDLSI","LDL-cholesterol (1SD(log))","1;2;3",3987,214,56
2.1055121968964,0.0154957566004214,1.91457818560252,0.0491550693539791,2.11296174298647,0.0160123860563599,"LBDLYMNO",1,"Lymphocyte number","LBDLYMNO","Lymphocyte number (1SD(log))","1;2;3",8551,489,56
0.566179926604894,0.00426851772354179,0.627362429090402,0.0111423508207557,0.563792809353843,0.00433984420172446,"LBDMONO",1,"Monocyte number","LBDMONO","Monocyte number (1SD(log))","1;2;3",8551,489,56
4.36572764828828,0.0312681213319242,4.71961015063851,0.0944292187369133,4.3519204486497,0.0321374917644477,"LBDNENO",1,"Segmented neutrophils number","LBDNENO","Segmented neutrophils number (1SD(log))","1;2;3",8551,489,56
31.0318832592185,0.50695521895133,28.6978757138222,1.56602871476154,31.1401435490416,0.495924808133745,"LBDP3",1,"Prostate specific antigen ratio (%)","LBDP3","Prostate specific antigen ratio (1SD(log))","2;3",1946,143,46
25.4170741871321,0.252500748589949,23.3927046463979,0.731724867256271,25.4992612129814,0.254088091712571,"LBDPCT",1,"Transferrin saturation (%)","LBDPCT","Transferrin saturation (1SD(log))","1;2;3",6539,385,64
0.0501330873505677,0.00101293160227666,0.06704332589434,0.00522663475101747,0.0495339399639439,0.000969893915097026,"LBX028",1,"PCB28 (ng/g)","LBX028","PCB28 (1SD(log))","1;3",1595,95,43
0.0338049299489615,0.00101362527714864,0.0345386229956695,0.00191039125379428,0.033773859334166,0.00101978024580298,"LBX052",1,"PCB52 (ng/g)","LBX052","PCB52 (1SD(log))","1;2;3",2432,141,57
0.0273588935809149,0.000852642473603667,0.0334637541474931,0.00199272808902504,0.0271070224311228,0.000925881926024499,"LBX066",1,"PCB66 (ng/g)","LBX066","PCB66 (1SD(log))","1;2;3",2614,150,57
0.064469535256051,0.00228222350223331,0.126316468625795,0.00867903726744341,0.0619542115687097,0.00250793719193559,"LBX074",1,"PCB74 (ng/g)","LBX074","PCB74 (1SD(log))","1;2;3",2624,149,57
0.0139049464994398,0.000416901476340321,0.0170009522706382,0.0015479610281658,0.0138146971211885,0.000424725177675622,"LBX087",1,"PCB87 (ng/g)","LBX087","PCB87 (1SD(log))","2;3",1832,80,48
0.0494665456234172,0.00154625984523447,0.0785324296322764,0.00626563404237367,0.0482845736330423,0.00167984215743301,"LBX099",1,"PCB99 (ng/g)","LBX099","PCB99 (1SD(log))","1;2;3",2594,148,57
0.0319145677347895,0.000708993896230631,0.0382653403187008,0.00242502112484481,0.0316527247209001,0.000695808490254747,"LBX101",1,"PCB101 (ng/g)","LBX101","PCB101 (1SD(log))","1;2;3",2627,151,57
0.0251466194379572,0.000654800531405255,0.0377612959445321,0.00404370365437488,0.0246399395672114,0.000681756720984707,"LBX105",1,"PCB105 (ng/g)","LBX105","PCB105 (1SD(log))","1;2;3",2609,147,57
0.0157518574957089,0.000393223227553652,0.0190614336072338,0.00194255730261486,0.0156559061007471,0.000393943326465231,"LBX110",1,"PCB110 (ng/g)","LBX110","PCB110 (1SD(log))","2;3",1824,79,48
0.080938260296009,0.00311901555941838,0.168595099404757,0.0237595213289988,0.0774324078448232,0.00325808204057649,"LBX118",1,"PCB118 (ng/g)","LBX118","PCB118 (1SD(log))","1;2;3",2618,147,57
0.018719412603167,0.000339428921598476,0.0219160476161071,0.000827666877423854,0.0185875841849274,0.000342710850817416,"LBX128",1,"PCB128 (ng/g)","LBX128","PCB128 (1SD(log))","1;2;3",2616,150,57
0.187570211992766,0.00515296817874797,0.341627860140461,0.0382323235247245,0.181221704280514,0.00535180036457022,"LBX138",1,"PCB138 & 158 (ng/g)","LBX138","PCB138 & 158 (1SD(log))","1;2;3",2625,151,57
0.0354851026178075,0.000948560990988354,0.0641302801461695,0.00753059200209288,0.0343009059086069,0.000956026790990461,"LBX146",1,"PCB146 (ng/g)","LBX146","PCB146 (1SD(log))","1;2;3",2620,151,57
0.0130983399660006,0.000463451145574119,0.0164203941983696,0.00141878328588408,0.0130016006424558,0.000464393709551259,"LBX149",1,"PCB149 (ng/g)","LBX149","PCB149 (1SD(log))","2;3",1824,79,48
0.0119424857147942,0.00048970937586855,0.0162068465090409,0.00153572776386146,0.0118210122754669,0.00050330610703387,"LBX151",1,"PCB151 (ng/g)","LBX151","PCB151 (1SD(log))","2;3",1825,78,48
0.272679513257963,0.00744056185157708,0.514925125809192,0.0563625614238419,0.262692690665969,0.00754174877306663,"LBX153",1,"PCB153 (ng/g)","LBX153","PCB153 (1SD(log))","1;2;3",2626,151,57
0.0439173179001525,0.00107971300363554,0.0835086272232342,0.00993689484454499,0.042306601251773,0.0010802446321718,"LBX156",1,"PCB156 (ng/g)","LBX156","PCB156 (1SD(log))","1;2;3",2604,147,57
0.0206776513062052,0.000295014624047415,0.0269481317501607,0.0018538311144294,0.0204225718484476,0.000299003694255486,"LBX157",1,"PCB157 (ng/g)","LBX157","PCB157 (1SD(log))","1;2;3",2594,146,57
0.0211320580638749,0.000341867130492961,0.0306839967982982,0.00305772760854665,0.0207436983047619,0.000338537965524306,"LBX167",1,"PCB167 (ng/g)","LBX167","PCB167 (1SD(log))","1;2;3",2597,146,57
0.0829547402839449,0.00231948288419177,0.158587015038027,0.0190428921086192,0.0799412985912541,0.00219389256033403,"LBX170",1,"PCB170 (ng/g)","LBX170","PCB170 (1SD(log))","1;2;3",2551,141,56
0.02199197644431,0.000385206179915369,0.0314969574608831,0.00429433769024065,0.0216063900406895,0.000348177373584398,"LBX172",1,"PCB172 (ng/g)","LBX172","PCB172 (1SD(log))","1;2;3",2585,148,57
0.0233374441468971,0.000417444385065415,0.0314119099946869,0.00295471465986822,0.023007330092048,0.000414044293903741,"LBX177",1,"PCB177 (ng/g)","LBX177","PCB177 (1SD(log))","1;2;3",2586,146,57
0.0234251562286022,0.000463933892528525,0.0342180280210237,0.00348131673162895,0.0229859110955675,0.000448295683019763,"LBX178",1,"PCB178 (ng/g)","LBX178","PCB178 (1SD(log))","1;2;3",2620,150,57
0.205390866547621,0.00628943188475829,0.397846870664887,0.0404832790278868,0.19756020351195,0.0060770014000871,"LBX180",1,"PCB180 (ng/g)","LBX180","PCB180 (1SD(log))","1;2;3",2621,150,57
0.026607177935577,0.000575390035601098,0.0379268694529641,0.0036642530885423,0.0261478778310117,0.000588049900819093,"LBX183",1,"PCB183 (ng/g)","LBX183","PCB183 (1SD(log))","1;2;3",2623,150,57
0.0617972095841727,0.00205088529669888,0.119923764001748,0.01443151300361,0.0594055849437588,0.00204984570783031,"LBX187",1,"PCB187 (ng/g)","LBX187","PCB187 (1SD(log))","1;2;3",2627,151,57
0.0119413720063944,0.000468382466671026,0.0164937619116761,0.00189977561742883,0.0118086344376937,0.000490173923106673,"LBX189",1,"PCB189 (ng/g)","LBX189","PCB189 (1SD(log))","2;3",1802,77,49
0.0518005695705373,0.00174772648300283,0.113509436414382,0.0207892038211945,0.0499806717697812,0.00158054519724187,"LBX194",1,"PCB194 (ng/g)","LBX194","PCB194 (1SD(log))","2;3",1800,79,48
0.0403401425592107,0.00143739881686526,0.0556728379118279,0.00555299155027025,0.0398877950480937,0.00150081682645406,"LBX195",1,"PCB195 (ng/g)","LBX195","PCB195 (1SD(log))","2;3",1785,78,48
0.041398231720913,0.00135690129778953,0.0763855855596739,0.0103408637012772,0.0403860051217709,0.00132954071200391,"LBX196",1,"PCB196 & 203 (ng/g)","LBX196","PCB196 & 203 (1SD(log))","2;3",1829,79,48
0.0512611275185628,0.00119625828339053,0.0927484036417175,0.0114673430917993,0.0500446869752086,0.00129435662235066,"LBX206",1,"PCB206 (ng/g)","LBX206","PCB206 (1SD(log))","2;3",1790,78,47
78.65774884487,2.65743832750383,74.5351809031261,5.21106526900957,78.7450567874225,2.68253289663013,"LBXACR",1,"Acrylamide (pmoL/G Hb)","LBXACR","Acrylamide (1SD(log))","3",2726,105,34
2.44407801772425,0.0535711016051068,2.01657415479136,0.0982630704655689,2.45314361119764,0.054885276260657,"LBXACY",1,"a-Cryptoxanthin(ug/dL)","LBXACY","a-Cryptoxanthin (1SD(log))","3",2995,112,34
4.14647236998664,0.215824627632678,3.04977946121673,0.284179396548861,4.17628298782724,0.219582771283105,"LBXALC",1,"a-Carotene(ug/dL)","LBXALC","a-Carotene (1SD(log))","2;3",6002,262,46
0.0166344127261957,0.000253692924859344,0.01824338891061,0.000696324663956248,0.0165878229314957,0.000256178363719191,"LBXALD",1,"Aldrin (ng/g)","LBXALD","Aldrin (1SD(log))","2;3",1897,79,46
531.442588474414,20.5526727765004,528.047371822194,13.6991197123453,531.576883877885,21.3147580112681,"LBXB12",1,"Vitamin B12, serum (pg/mL)","LBXB12","Vitamin B12, serum (1SD(log))","1;2;3",8597,496,56
14.9753647733116,0.200923310596888,16.9328831271185,0.600254097717534,14.9002853013051,0.207148139288379,"LBXBAP",1,"Bone alkaline phosphotase (ug/L)","LBXBAP","Bone alkaline phosphotase (1SD(log))","1;2;3",7130,389,62
0.659083479920846,0.0113726395235139,0.683077467880632,0.0318130213171422,0.658147322355309,0.0114156388814186,"LBXBAPCT",1,"Basophils percent (%)","LBXBAPCT","Basophils percent (1SD(log))","1;2;3",8551,489,56
18.1177803951477,1.073106666864,19.8414722932026,3.4296804625159,18.0812280002432,1.07893509724574,"LBXBCC",1,"total b-Carotene(ug/dL)","LBXBCC","total b-Carotene (1SD(log))","3",2995,112,34
0.580928897077736,0.0132595412500058,0.782148225953614,0.0282903658176963,0.57297147812433,0.0137524019818198,"LBXBCD",1,"Cadmium (ug/L)","LBXBCD","Cadmium (1SD(log))","1;2;3",8600,496,56
17.2908952146733,0.641503785305624,16.1235407576648,1.43056579462856,17.3226103217616,0.648194189148581,"LBXBEC",1,"trans-b-carotene(ug/dL)","LBXBEC","trans-b-carotene (1SD(log))","2;3",6004,262,46
0.132584154263731,0.0159332224111936,0.249117608065313,0.0191424651099547,0.127873498779122,0.016467459247115,"LBXBHC",1,"Beta-hexachlorocyclohexane (ng/g)","LBXBHC","Beta-hexachlorocyclohexane (1SD(log))","1;2;3",2688,150,56
2.04717202666923,0.0372322005903382,3.15595885555667,0.13271861580695,2.00332394618528,0.0374134272453387,"LBXBPB",1,"Lead (ug/dL)","LBXBPB","Lead (1SD(log))","1;2;3",8600,496,56
1.17038271496307,0.042037373990645,1.1254442608109,0.0976024739066842,1.17160424477544,0.0426023561918473,"LBXCBC",1,"cis-b-carotene(ug/dL)","LBXCBC","cis-b-carotene (1SD(log))","2;3",6002,262,46
19.9165086268596,0.370903527578235,12.7123170003005,0.891818635943885,20.0692798138676,0.368400262047945,"LBXCLC",1,"cis-Lycopene(ug/dL)","LBXCLC","cis-Lycopene (1SD(log))","3",2995,112,34
1.42698189923401,0.0544034345040541,1.37106353530664,0.106085700463508,1.42816769706887,0.0547372486116661,"LBXCLZ",1,"cis- Lutein/Zeaxanthin(ug/dL)","LBXCLZ","cis- Lutein/Zeaxanthin (1SD(log))","3",2995,112,34
65.3383479588013,3.07034341119178,71.4049203875606,7.4618099108751,65.0998462938783,3.11119668466168,"LBXCOT",1,"Cotinine (ng/mL)","LBXCOT","Cotinine (1SD(log))","1;2;3",8527,489,56
0.813560053510156,0.0123935147911865,1.11022552717996,0.0435261750391728,0.802541530299111,0.0128828403728124,"LBXCPSI",1,"C-peptide: SI(nmol/L)","LBXCPSI","C-peptide: SI (1SD(log))","1;2;3",4277,242,56
0.422370809076319,0.0104443656408485,0.741123216157543,0.0459674565625998,0.409770680096998,0.0104392646820238,"LBXCRP",1,"C-reactive protein(mg/dL)","LBXCRP","C-reactive protein (1SD(log))","1;2;3",8604,496,56
8.69735909501538,0.206761844162748,6.92816832355801,0.336845058270043,8.74546459294545,0.208543375513085,"LBXCRY",1,"b-cryptoxanthin(ug/dL)","LBXCRY","b-cryptoxanthin (1SD(log))","2;3",5988,261,46
28.8162243620247,0.875899102828827,49.6380383246963,6.82132599550959,27.9797455048086,0.902836836645136,"LBXD01",1,"1,2,3,7,8-pncdd (fg/g)","LBXD01","1,2,3,7,8-pncdd (1SD(log))","1;2;3",2428,139,56
29.4564287947499,1.18613695809987,53.0414784106915,9.82943696783914,28.8086879518654,1.2463389173342,"LBXD02",1,"1,2,3,4,7,8-hxcdd (fg/g)","LBXD02","1,2,3,4,7,8-hxcdd (1SD(log))","2;3",1631,68,44
213.908129428977,10.0079879293196,390.211996485786,50.1041508662803,207.019948042518,11.102947265715,"LBXD03",1,"1,2,3,6,7,8-hxcdd (fg/g)","LBXD03","1,2,3,6,7,8-hxcdd (1SD(log))","1;2;3",2416,136,56
36.3102152954236,1.40916054152707,53.9738033147588,4.82618560946321,35.6063786314346,1.46130490589095,"LBXD04",1,"1,2,3,7,8,9-hxcdd (fg/g)","LBXD04","1,2,3,7,8,9-hxcdd (1SD(log))","1;2;3",2410,138,56
291.255361538413,11.9771271476447,387.599235040498,28.2755808636466,287.408134798059,12.7053783713408,"LBXD05",1,"1,2,3,4,6,7,8-hpcdd (fg/g)","LBXD05","1,2,3,4,6,7,8-hpcdd (1SD(log))","1;2;3",2404,137,56
2340.34889090887,105.895204037489,3852.31584274229,285.55047703613,2277.865779597,103.441935833224,"LBXD07",1,"1,2,3,4,6,7,8,9-ocdd (fg/g)","LBXD07","1,2,3,4,6,7,8,9-ocdd (1SD(log))","1;2;3",2372,139,56
0.0611165292838605,0.00683501280847412,0.0812881715807394,0.0157007546895699,0.0605351699205445,0.00700949902809202,"LBXDIE",1,"Dieldrin (ng/g)","LBXDIE","Dieldrin (1SD(log))","2;3",1869,78,46
7.10753035829416,0.280691243801499,7.3181489199238,1.00793055282275,7.10306400740651,0.29073326677803,"LBXDTC",1,"d-Tocopherol(ug/dL)","LBXDTC","d-Tocopherol (1SD(log))","3",2995,112,34
0.0166168408387253,0.000250456012079294,0.018425855447836,0.000794514074853798,0.0165653694387213,0.000253119813191876,"LBXEND",1,"Endrin (ng/g)","LBXEND","Endrin (1SD(log))","2;3",1817,75,46
2.78241745253543,0.0264027629774705,2.96788107022851,0.10426011149911,2.77518134117594,0.0269841675143756,"LBXEOPCT",1,"Eosinophils percent (%)","LBXEOPCT","Eosinophils percent (1SD(log))","1;2;3",8551,489,56
0.539600343761751,0.0366713941919581,0.493517726298556,0.0868187965451853,0.541087308205454,0.0372264661683115,"LBXEPAH",1,"2-(N-ethyl-PFOSA) acetate","LBXEPAH","2- acetate (1SD(log))","1;3",1634,99,43
52.1231938338612,0.441844297049181,64.4865047012014,2.54913674034154,51.614009569473,0.426172040823531,"LBXEPP",1,"Protoporphyrin(ug/dL RBC)","LBXEPP","Protoporphyrin (1SD(log))","1;2;3",6363,384,64
14.3103100391353,0.286193411015525,15.8837095397091,0.7025525964633,14.2467500726305,0.295063958043916,"LBXF01",1,"2,3,7,8-tcdf (fg/g)","LBXF01","2,3,7,8-tcdf (1SD(log))","1;2;3",2408,138,56
15.3389336671971,0.311533597891789,17.1222810350737,0.863301969331846,15.2673091091401,0.318777512419346,"LBXF02",1,"1,2,3,7,8-pncdf (fg/g)","LBXF02","1,2,3,7,8-pncdf (1SD(log))","1;2;3",2422,139,56
40.7458028102757,1.15556617884549,68.5251914795777,6.88218012090908,39.6376538790534,1.29024356332729,"LBXF03",1,"2,3,4,7,8-pncdf (fg/g)","LBXF03","2,3,4,7,8-pncdf (1SD(log))","1;2;3",2409,138,56
35.5476104596688,1.04489554960252,53.6805519756069,3.35621714623958,34.8219292312578,1.13303258065576,"LBXF04",1,"1,2,3,4,7,8-hxcdf (fg/g)","LBXF04","1,2,3,4,7,8-hxcdf (1SD(log))","1;2;3",2403,137,56
29.3798430253106,0.953009763449859,39.7463411179709,3.34393224498681,28.9598466778107,1.03986220089611,"LBXF05",1,"1,2,3,6,7,8-hxcdf (fg/g)","LBXF05","1,2,3,6,7,8-hxcdf (1SD(log))","1;2;3",2414,139,56
16.0756177380834,0.466916067835463,18.0114299883393,1.08440238311788,16.0020542097698,0.476655144151055,"LBXF06",1,"1,2,3,7,8,9-hxcdf (fg/g)","LBXF06","1,2,3,7,8,9-hxcdf (1SD(log))","1;2;3",2397,134,56
16.9436949756289,0.513476809943657,19.1780275789175,1.34749524860988,16.8551586404914,0.528765202755786,"LBXF07",1,"2,3,4,6,7,8-hxcdf (fg/g)","LBXF07","2,3,4,6,7,8-hxcdf (1SD(log))","1;2;3",2400,136,56
62.367398415903,2.92684290757244,59.7469290937803,4.54485898581865,62.4743684437718,3.02149363191957,"LBXF08",1,"1,2,3,4,6,7,8-hpcdf (fg/g)","LBXF08","1,2,3,4,6,7,8-hpcdf (1SD(log))","1;2;3",2322,133,55
14.911513716303,0.526934749376093,16.5499405768631,0.728797378673447,14.8672756986494,0.542884077503244,"LBXF09",1,"1,2,3,4,7,8,9-hpcdf (fg/g)","LBXF09","1,2,3,4,7,8,9-hpcdf (1SD(log))","2;3",1617,67,44
47.2786673666709,1.78419731038677,54.2134336980089,3.68884910289779,46.9976950515207,1.82362845031966,"LBXF10",1,"1,2,3,4,6,7,8,9-ocdf (fg/g)","LBXF10","1,2,3,4,6,7,8,9-ocdf (1SD(log))","1;2;3",2379,138,56
363.52922334987,3.00114798639892,410.184632808046,5.93782581088924,359.907915921336,3.10580883457293,"LBXFB",1,"Fibrinogen (mg/dL)","LBXFB","Fibrinogen (1SD(log))","1;2",3504,369,66
124.084443069983,2.36604384919482,178.604749892349,13.031752415308,121.839785786706,2.38519852031909,"LBXFER",1,"Ferritin(ng/mL)","LBXFER","Ferritin (1SD(log))","1;2;3",6376,384,64
14.7197681472269,0.232372827767993,18.5963270620928,0.955165083254903,14.5662987454358,0.233471523746686,"LBXFOL",1,"Folate, serum (ng/mL)","LBXFOL","Folate, serum (1SD(log))","1;2;3",8593,496,56
5.4102368581959,0.0168592007002663,5.95346254808675,0.0905522393023933,5.38895754013394,0.0165693078651129,"LBXGH",1,"Glycohemoglobin (%)","LBXGH","Glycohemoglobin (1SD(log))","1;2;3",8598,495,56
0.0241279939470549,0.00104004537930066,0.0248068097713725,0.00086043349093942,0.0241005359907324,0.00108046289543983,"LBXGHC",1,"Gamma-hexachlorocyclohexane (ng/g)","LBXGHC","Gamma-hexachlorocyclohexane (1SD(log))","1;2;3",2614,145,55
100.872345339169,0.578764514458622,117.00004107853,4.54203027524116,100.262683286082,0.527730122002062,"LBXGLU",1,"Glucose, plasma (mg/dL)","LBXGLU","Glucose, plasma (1SD(log))","1;2;3",4280,243,56
5.61891209511179,0.0401500432578665,6.53000606442614,0.280596363642044,5.57813898543903,0.0365448643637902,"LBXGLUSI",1,"Plasma glucose: SI(mmol/L)","LBXGLUSI","Plasma glucose: SI (1SD(log))","1;2",2806,184,67
73.7566716038537,2.09413972147345,58.1782819383248,5.03480739925129,74.0946566481504,2.16315960406229,"LBXGLY",1,"Glycideamide (pmoL/G Hb)","LBXGLY","Glycideamide (1SD(log))","3",2788,108,34
234.196858606778,3.98898134947728,272.308533621734,13.8495999126534,232.746201216554,3.90853926092033,"LBXGTC",1,"g-tocopherol(ug/dL)","LBXGTC","g-tocopherol (1SD(log))","1;2;3",8231,456,55
0.365301698545407,0.0112530439980895,0.621940541117214,0.0248420557330747,0.35515693352697,0.011631552516131,"LBXHA",1,"Hepatitis A Antibody (Anti-HAV)","LBXHA","Hepatitis A Antibody (Anti-HAV)","1;2;3",8605,496,56
0.0527251767655221,0.003690402653152,0.111170956752154,0.0152593855983019,0.0504142238306707,0.0035342615427784,"LBXHBC",1,"Hepatitis B core antibody","LBXHBC","Hepatitis B core antibody","1;2;3",8600,496,56
0.165552879902955,0.00662858655551986,0.116030934423043,0.0180755238199311,0.167511876760583,0.00690268054203185,"LBXHBS",1,"Hepatitis B Surface Antibody","LBXHBS","Hepatitis B Surface Antibody","1;2;3",8600,496,56
0.136954219753938,0.00369070408323322,0.169014718747434,0.0141070432610622,0.135675170559412,0.00358474857942235,"LBXHCB",1,"Hexachlorobenzene (ng/g)","LBXHCB","Hexachlorobenzene (1SD(log))","1;2;3",2611,143,55
42.8021995447531,0.11708635813965,42.3050554540759,0.23829150091408,42.8218552601762,0.118661642353569,"LBXHCT",1,"Hematocrit (%)","LBXHCT","Hematocrit (1SD(log))","1;2;3",8602,496,56
8.55367957129232,0.0609844604344203,12.1724541916174,0.666751517102799,8.4104713812538,0.0569564563271926,"LBXHCY",1,"Homocysteine (umol/L)","LBXHCY","Homocysteine (1SD(log))","1;2;3",8591,495,56
14.5185428191031,0.0459361597484097,14.2639368018362,0.0849076643875726,14.5286092435347,0.0463514731063151,"LBXHGB",1,"Hemoglobin (g/dL)","LBXHGB","Hemoglobin (1SD(log))","1;2;3",8602,496,56
0.863264100122736,0.0420056828995535,1.24329264672676,0.0792508542857218,0.842379090736115,0.04501370959971,"LBXHP1",1,"Helicobacter pylori (ISR)","LBXHP1","Helicobacter pylori (1SD(log))","1",2577,230,80
0.0533394755317502,0.00251423279786975,0.107121873040283,0.0157748558841842,0.0511805899903874,0.00236849850557824,"LBXHPE",1,"Heptachlor Epoxide (ng/g)","LBXHPE","Heptachlor Epoxide (1SD(log))","1;2;3",2503,140,54
127.94014648859,3.83966677583859,260.701551660072,35.547856394201,122.52354946273,4.0663102200921,"LBXHXC",1,"3,3,4,4,5,5-hxcb (fg/g)","LBXHXC","3,3,4,4,5,5-hxcb (1SD(log))","1;2;3",2407,139,56
0.350034849955382,0.00842925305543873,0.346973387916869,0.0118873294928617,0.350074703137213,0.00854322093899701,"LBXIHG",1,"Mercury, inorganic (ug/L)","LBXIHG","Mercury, inorganic (1SD(log))","1;2;3",4572,123,42
12.1050994877213,0.285031804484665,17.0326516349352,1.27124710847904,11.918735534424,0.276969479889081,"LBXIN",1,"Insulin (uU/mL)","LBXIN","Insulin (1SD(log))","1;2;3",4278,243,56
74.5443490785847,2.00553222020715,102.117546090782,8.04063221305845,73.3090560444338,1.93345548701894,"LBXINSI",1,"Insulin: SI(pmol/L)","LBXINSI","Insulin: SI (1SD(log))","1;2",2803,184,67
90.8190254654125,0.729046712624346,80.7790657331951,2.37508403373419,91.2259052078743,0.765057818305069,"LBXIRN",1,"Iron, Frozen Serum (ug/dL)","LBXIRN","Iron, Frozen Serum (1SD(log))","1;2;3",6562,386,64
41.8207702081314,0.623897818031548,26.2737520702643,1.75937873370379,42.150458331168,0.617476219570173,"LBXLCC",1,"total Lycopene(ug/dL)","LBXLCC","total Lycopene (1SD(log))","3",2995,112,34
10.3943946629091,0.312414278063643,9.62887061720659,0.563207299140002,10.410628270121,0.315551350362704,"LBXLUT",1,"Lutein(ug/dL)","LBXLUT","Lutein (1SD(log))","3",2995,112,34
15.5252082604562,0.265685253389908,14.4978266009544,0.603382459233867,15.5531371941248,0.26805765707497,"LBXLUZ",1,"Combined Lutein/zeaxanthin (ug/dL)","LBXLUZ","Combined Lutein/zeaxanthin (1SD(log))","2;3",6001,262,46
22.7515467169745,0.284277284543483,16.2554452446024,0.856512664330991,22.928140473976,0.281648321656697,"LBXLYC",1,"trans-lycopene(ug/dL)","LBXLYC","trans-lycopene (1SD(log))","2;3",6001,262,46
29.5491196331082,0.130624028998239,25.9807877545297,0.553848763122324,29.6883428789513,0.132641162904585,"LBXLYPCT",1,"Lymphocyte percent (%)","LBXLYPCT","Lymphocyte percent (1SD(log))","1;2;3",8551,489,56
0.0488482532519329,0.00828191399418153,0.168218732722391,0.0468476402587986,0.045728092955726,0.00816793256047873,"LBXM1",1,"MRSA 1","LBXM1","MRSA 1","2;3",1576,69,49
33.9129859174066,0.0340343471706774,33.7112903526514,0.111352527654322,33.9209604074936,0.0336931077710325,"LBXMC",1,"MCHC (g/dL)","LBXMC","MCHC (1SD(log))","1;2;3",8602,496,56
30.7069745215207,0.0421806982291153,30.8510757349277,0.170843040243306,30.7012771543067,0.0414325828003312,"LBXMCHSI",1,"Mean cell hemoglobin (pg)","LBXMCHSI","Mean cell hemoglobin (1SD(log))","1;2;3",8602,496,56
90.5132355702153,0.0906511760771572,91.4839731649139,0.404441649882738,90.4748552650489,0.0916427638380311,"LBXMCVSI",1,"Mean cell volume (fL)","LBXMCVSI","Mean cell volume (1SD(log))","1;2;3",8602,496,56
0.0991462470952312,0.0440406756847235,0.140365542327471,0.0539643898069097,0.097415468258537,0.0451588407928322,"LBXMIR",1,"Mirex (ng/g)","LBXMIR","Mirex (1SD(log))","1;2;3",2664,153,55
0.153247259758539,0.0022305863632325,0.276159228477422,0.0379233708457568,0.148379280506557,0.0016451597136203,"LBXMMA",1,"Methylmalonic acid (umol/L)","LBXMMA","Methylmalonic acid (1SD(log))","1;2;3",8465,490,56
8.01127234976159,0.0378446320847582,8.61734621117894,0.119872733716441,7.98762556659276,0.0382037514210756,"LBXMOPCT",1,"Monocyte percent (%)","LBXMOPCT","Monocyte percent (1SD(log))","1;2;3",8551,489,56
0.909484063172068,0.0878705285066283,0.725653953813633,0.0636604270806217,0.915415775634287,0.0903554307497898,"LBXMPAH",1,"2-(N-methyl-PFOSA) acetate","LBXMPAH","2- acetate (1SD(log))","1;3",1634,99,43
8.21971388212295,0.021340502592914,8.23404941334975,0.0495784848631278,8.21914709449032,0.0212552229882446,"LBXMPSI",1,"Mean platelet volume (fL)","LBXMPSI","Mean platelet volume (1SD(log))","1;2;3",8602,496,56
0.28330390415044,0.0070683342257099,0.268714093184485,0.0282476588596043,0.283706536374652,0.00703882775413918,"LBXMS1",1,"S. aureus present 1","LBXMS1","S. aureus present 1","2;3",5990,262,46
59.0383552157663,0.14306155874188,61.7933247033506,0.547626888246472,58.9308663926099,0.144073801589129,"LBXNEPCT",1,"Segmented neutrophils percent (%)","LBXNEPCT","Segmented neutrophils percent (1SD(log))","1;2;3",8551,489,56
0.0326542586141434,0.000752525330309067,0.0374068233212273,0.00107874091429395,0.032464533663804,0.000773062985651507,"LBXODT",1,"o,p-DDT (ng/g)","LBXODT","o,p-DDT (1SD(log))","1;2;3",2525,141,55
0.112680497565729,0.00403552523194077,0.255301831762272,0.0372402284600349,0.107093676456175,0.00364225884653714,"LBXOXY",1,"Oxychlordane (ng/g)","LBXOXY","Oxychlordane (1SD(log))","1;2;3",2521,139,54
1.46497027234746,0.0544974379039535,2.94330712985274,0.395603624970162,1.39639929580309,0.0540333427756865,"LBXP1",1,"PSA. total (ng/mL)","LBXP1","PSA. total (1SD(log))","2;3",1946,143,46
0.359856426456948,0.011623091813121,0.612165668271476,0.0532874350774281,0.348153348762201,0.0115845752595831,"LBXP2",1,"PSA, free (ng/mL)","LBXP2","PSA, free (1SD(log))","2;3",1946,143,46
187.830770370748,9.40915140230733,423.630417281938,102.48646873688,178.396693470445,9.86262884459939,"LBXPCB",1,"3,3,4,4,5-pncb (fg/g)","LBXPCB","3,3,4,4,5-pncb (1SD(log))","1;2;3",2408,138,56
3.57790831174614,0.170901930014887,6.71308239217542,0.815255944844902,3.44977380609195,0.161673773351418,"LBXPDE",1,"p,p-DDE (ng/g)","LBXPDE","p,p-DDE (1SD(log))","1;2;3",2723,153,56
0.0720412071628178,0.00530794115306093,0.0898345796982483,0.0139117328650311,0.0713341522415842,0.00550539892416892,"LBXPDT",1,"p,p-DDT (ng/g)","LBXPDT","p,p-DDT (1SD(log))","1;2;3",2549,143,55
0.323893704799406,0.0287951754633033,0.316746187673891,0.0426323403338721,0.324124336313228,0.0295632947101261,"LBXPFDE",1,"Perfluorodecanoic acid","LBXPFDE","Perfluorodecanoic acid (1SD(log))","1;3",1634,99,43
0.496704505274508,0.0248563330653891,0.457599261129623,0.0337674967559506,0.497966328296002,0.0250534103113382,"LBXPFDO",1,"Perfluorododecanoic acid","LBXPFDO","Perfluorododecanoic acid (1SD(log))","1;3",1634,99,43
0.314200213399761,0.0109567156280156,0.326948928612755,0.0220216356250365,0.31378884600641,0.0111823541833887,"LBXPFHP",1,"Perfluoroheptanoic acid","LBXPFHP","Perfluoroheptanoic acid (1SD(log))","1;3",1634,99,43
2.79141027891894,0.157344166560734,2.3824112611263,0.297892811326533,2.80460759778766,0.157498989565946,"LBXPFHS",1,"Perfluorohexane sulfonic acid","LBXPFHS","Perfluorohexane sulfonic acid (1SD(log))","1;3",1634,99,43
1.08339900205845,0.124983062333136,0.916377313191698,0.125449671416488,1.0887883511524,0.127746696430818,"LBXPFNA",1,"Perfluorononanoic acid","LBXPFNA","Perfluorononanoic acid (1SD(log))","1;3",1634,99,43
5.61006477324676,0.292062303669953,4.38763056229202,0.475131317950435,5.64950949897025,0.296876609364595,"LBXPFOA",1,"Perfluorooctanoic acid","LBXPFOA","Perfluorooctanoic acid (1SD(log))","1;3",1634,99,43
30.0748209188818,1.30703014693332,30.5267668632424,4.06532715171229,30.0602378160388,1.28050494892514,"LBXPFOS",1,"Perfluorooctane sulfonic acid","LBXPFOS","Perfluorooctane sulfonic acid (1SD(log))","1;3",1634,99,43
0.300894567138168,0.0319658917014073,0.273992384074239,0.0293990086836017,0.301762629585055,0.0325487922085565,"LBXPFSA",1,"Perfluorooctane sulfonamide","LBXPFSA","Perfluorooctane sulfonamide (1SD(log))","1;3",1634,99,43
0.25365206631805,0.0175994416685535,0.245381863907854,0.0210284834658184,0.253918923923003,0.0180379036168211,"LBXPFUA",1,"Perfluoroundecanoic acid","LBXPFUA","Perfluoroundecanoic acid (1SD(log))","1;3",1634,99,43
3.96008082706057,0.202518521294464,2.89307494758493,0.398329226139239,3.98270762035005,0.20145430996914,"LBXPHE",1,"Phytoene(ug/dL)","LBXPHE","Phytoene (1SD(log))","3",2995,112,34
5.17492327059222,0.141587122337983,3.67365045679772,0.337252031621212,5.20675907420142,0.139991635158692,"LBXPHF",1,"Phytofluene(ug/dL)","LBXPHF","Phytofluene (1SD(log))","3",2995,112,34
267.751704128754,1.22296783457385,255.092655313418,5.18021403962145,268.252208239548,1.18375554492781,"LBXPLTSI",1,"Platelet count SI (1000 cells/uL)","LBXPLTSI","Platelet count SI (1SD(log))","1;2;3",8602,496,56
43.3640160087151,0.786409708939828,79.5289801322023,15.8373408497993,42.587852756398,0.73474538206983,"LBXPT21",1,"Parathyroid Hormone(Elecys method) pg/mL","LBXPT21","Parathyroid Hormone pg/mL (1SD(log))","3",3010,114,34
4.73830830514997,0.0122189419223002,4.64062770060466,0.0315914661727596,4.74217032865845,0.0124816812731932,"LBXRBCSI",1,"Red blood cell count (million cells/uL)","LBXRBCSI","Red blood cell count (1SD(log))","1;2;3",8602,496,56
302.772316062759,3.93772102890493,367.021723365545,13.1257826827355,300.237288834882,3.89955051986099,"LBXRBF",1,"Folate, RBC (ng/mL RBC)","LBXRBF","Folate, RBC (1SD(log))","1;2;3",8571,494,56
12.5868572473362,0.0175497850731549,13.5939002157695,0.137493276116448,12.5470415271506,0.0157425465559477,"LBXRDW",1,"Red cell distribution width (%)","LBXRDW","Red cell distribution width (1SD(log))","1;2;3",8602,496,56
2.05402952384651,0.0527471129003022,2.16764358019827,0.183222183482541,2.04980190762645,0.0543871261901307,"LBXRPL",1,"Retinyl palmitate(ug/dL)","LBXRPL","Retinyl palmitate (1SD(log))","1;2;3",7969,434,55
0.477160275943003,0.00962668117219028,0.610038044267758,0.0556286370903104,0.472241012021541,0.0099379404765089,"LBXRST",1,"Retinyl stearate(ug/dL)","LBXRST","Retinyl stearate (1SD(log))","1;2;3",7488,405,52
4.36178186796656,0.00883595197059344,4.22506032498823,0.0310970097916228,4.36718401689121,0.00889909901605023,"LBXSAL",1,"Albumin (g/dL)","LBXSAL","Albumin (1SD(log))","1;2;3",8590,493,56
71.9405352181092,0.655417860316498,85.6977120595752,1.97800434764332,71.3969609103495,0.677908293878749,"LBXSAPSI",1,"Alkaline phosphotase (U/L)","LBXSAPSI","Alkaline phosphotase (1SD(log))","1;2;3",8590,493,56
24.7179757825566,0.20827803427939,26.9209821320936,1.21977771423802,24.6309123513317,0.220091417195725,"LBXSASSI",1,"Aspartate aminotransferase AST (U/L)","LBXSASSI","Aspartate aminotransferase AST (1SD(log))","1;2;3",8587,493,56
26.5891641139066,0.455955595943589,24.8175545665855,0.829383054965029,26.6591727181786,0.461058847732354,"LBXSATSI",1,"Alanine aminotransferase ALT (U/L)","LBXSATSI","Alanine aminotransferase ALT (1SD(log))","1;2;3",8588,493,56
13.5165779322456,0.109087669807649,18.4771679379004,0.640765307679498,13.3205748344097,0.109299334688818,"LBXSBU",1,"Blood urea nitrogen (mg/dL)","LBXSBU","Blood urea nitrogen (1SD(log))","1;2;3",8590,493,56
23.9150383170701,0.117563363647712,24.142350941751,0.22203942073499,23.906056728476,0.116673537981028,"LBXSC3SI",1,"Bicarbonate (mmol/L)","LBXSC3SI","Bicarbonate (1SD(log))","1;2;3",8590,493,56
9.46325833312261,0.0151750706934095,9.44413257717592,0.0276900233690324,9.46401403101535,0.0154806806386682,"LBXSCA",1,"Total calcium (mg/dL)","LBXSCA","Total calcium (1SD(log))","1;2;3",8590,493,56
199.922357253222,0.753764524406834,207.940729613885,2.49194080096897,199.605491693203,0.777343744284538,"LBXSCH",1,"Cholesterol (mg/dL)","LBXSCH","Cholesterol (1SD(log))","1;2;3",8591,494,56
102.777821010549,0.157435302282577,101.447472481395,0.300658316719233,102.830399416037,0.155482556894414,"LBXSCLSI",1,"Chloride (mmol/L)","LBXSCLSI","Chloride (1SD(log))","1;2;3",8588,493,56
0.846427376379444,0.00632032450846349,1.18893567751628,0.0995682270790131,0.832894170051004,0.00533193601464334,"LBXSCR",1,"Creatinine (mg/dL)","LBXSCR","Creatinine (1SD(log))","1;2;3",8590,493,56
1.29642234269509,0.00726895133974253,1.1470558517663,0.0349944992115403,1.30232411948001,0.00736175821761167,"LBXSCRINV",1,"1/Creatinine (mg/dL)","LBXSCRINV","1/Creatinine (1SD(log))","1;2;3",8590,493,56
136.874936249355,1.17540143577545,133.788363041935,3.52435774386238,136.976916376518,1.12948156174102,"LBXSEL",1,"Selenium(ug/L)","LBXSEL","Selenium (1SD(log))","3",1962,109,34
2.99329269147315,0.0138158400503539,3.17892727737735,0.0345568582184358,2.98595587392568,0.0135285023677152,"LBXSGB",1,"Globulin (g/dL)","LBXSGB","Globulin (1SD(log))","1;2;3",8586,493,56
93.8404598675625,0.372840872330402,111.637649900839,3.55841579534426,93.1371604530406,0.318727548651697,"LBXSGL",1,"Glucose, serum (mg/dL)","LBXSGL","Glucose, serum (1SD(log))","1;2;3",8591,494,56
30.4206657912361,0.551336271873095,42.6279016358,3.18813449363189,29.9383097006634,0.561776556900957,"LBXSGTSI",1,"Gamma glutamyl transferase (U/L)","LBXSGTSI","Gamma glutamyl transferase (1SD(log))","1;2;3",8589,493,56
90.4369440644064,0.575178682294498,79.8673231633851,2.038220821897,90.8546889726687,0.598296900771767,"LBXSIR",1,"Iron, refigerated (ug/dL)","LBXSIR","Iron, refigerated (1SD(log))","1;2;3",8586,493,56
4.0831371977145,0.0115165003222561,4.20525724227224,0.024084295665223,4.07831175254219,0.0116116793827079,"LBXSKSI",1,"Potassium (mmol/L)","LBXSKSI","Potassium (1SD(log))","1;2;3",8589,493,56
136.378576313648,0.892347407431476,154.007325778368,2.92269621592529,135.681832277426,0.858793070247849,"LBXSLDSI",1,"Lactate dehydrogenase LDH (U/L)","LBXSLDSI","Lactate dehydrogenase LDH (1SD(log))","1;2;3",8586,493,56
139.050240314229,0.110005073047299,139.084284423802,0.186436404239444,139.048895059412,0.111890627623731,"LBXSNASI",1,"Sodium (mmol/L)","LBXSNASI","Sodium (1SD(log))","1;2;3",8589,493,56
277.64976217146,0.219729770283128,280.494213306111,0.502519942049543,277.537363532268,0.22058714631091,"LBXSOSSI",1,"Osmolality (mmol/Kg)","LBXSOSSI","Osmolality (1SD(log))","1;2;3",8589,493,56
3.63132775324698,0.0118953465029003,3.67069524850345,0.0501951083174556,3.62977218806012,0.0110421840727329,"LBXSPH",1,"Phosphorus (mg/dL)","LBXSPH","Phosphorus (1SD(log))","1;2;3",8589,493,56
0.689045931965989,0.00695142616116965,0.652815279755156,0.017409596039216,0.690477773398563,0.00716948903188003,"LBXSTB",1,"Total bilirubin (mg/dL)","LBXSTB","Total bilirubin (1SD(log))","1;2;3",8587,493,56
7.35417523134179,0.014681138537215,7.40328482165009,0.0365320249901639,7.35223427781652,0.0143774698478655,"LBXSTP",1,"Total protein (g/dL)","LBXSTP","Total protein (1SD(log))","1;2;3",8586,493,56
142.710007715399,2.27260484787264,191.660412427921,16.2099717574494,140.775308553777,2.34329111682032,"LBXSTR",1,"Triglycerides (mg/dL)","LBXSTR","Triglycerides (1SD(log))","1;2;3",8589,494,56
5.3544999249997,0.0212474926369615,6.05449327124122,0.116522743354565,5.32683809148322,0.0223866562794551,"LBXSUA",1,"Uric acid (mg/dL)","LBXSUA","Uric acid (1SD(log))","1;2;3",8588,493,56
7.95504571087675,0.0705193820660324,7.32558414173397,0.214680803173771,7.98656341272769,0.0716086301894853,"LBXT4",1,"Thyroxine (T4) (ug/dL)","LBXT4","Thyroxine (1SD(log))","1;2",1806,134,67
202.684609313827,0.824575270147362,215.98777308138,4.88174952325464,202.158848694595,0.818819340886666,"LBXTC",1,"Total Cholesterol (mg/dL)","LBXTC","Total Cholesterol (1SD(log))","1;2;3",8607,496,56
72.8611756794991,1.4391074489273,90.1793562199692,7.81476506823619,72.167623023676,1.43035115569187,"LBXTC2",1,"3,4,4,5-tcb (fg/g)","LBXTC2","3,4,4,5-tcb (1SD(log))","1;2;3",2392,137,56
16.4652899506745,0.553810679009724,21.9751009829942,3.10079794175656,16.2422653849168,0.544116203286311,"LBXTCD",1,"2,3,7,8-tcdd (fg/g)","LBXTCD","2,3,7,8-tcdd (1SD(log))","1;2;3",2410,139,56
1.79658342832509,0.0981976638887244,1.30332126355144,0.176491227739732,1.80307960175373,0.0992145984303336,"LBXTHG",1,"Mercury, total (ug/L)","LBXTHG","Mercury, total (1SD(log))","1;2;3",4622,126,42
367.287678145648,1.72512458996007,354.841695291345,5.53939413205163,367.792828255081,1.65438927682695,"LBXTIB",1,"TIBC, Frozen Serum (ug/dL)","LBXTIB","TIBC, Frozen Serum (1SD(log))","1;2;3",6540,385,64
0.17908593891384,0.00718045743653904,0.386539489019923,0.0449363707165678,0.170599651068063,0.00632458153123944,"LBXTNA",1,"Trans-nonachlor (ng/g)","LBXTNA","Trans-nonachlor (1SD(log))","1;2;3",2705,152,56
148.675451641278,3.70612247427818,184.767061744344,12.6970080200183,147.292071723291,3.82738284073298,"LBXTR",1,"Triglyceride (mg/dL)","LBXTR","Triglyceride (1SD(log))","1;2;3",4289,245,56
1.93132350105583,0.0975549136925695,2.25117062329367,0.268090503665923,1.91526466729314,0.101110149656711,"LBXTSH",1,"Thyroid stim hormone (TSH) (IU/L)","LBXTSH","Thyroid stim hormone (1SD(log))","1;2",1803,134,67
69.5613383867044,4.36838238254926,64.4910389823259,8.32098385330497,69.6709216255481,4.41854885590763,"LBXVB6",1,"Vitamin B6(Pyridoxal 5-phosphate)nmol/L","LBXVB6","Vitamin B6nmol/L (1SD(log))","3",2969,113,34
60.7592965276949,0.393127010958015,65.9885304684886,1.06820569167677,60.5542863173416,0.397762946127997,"LBXVIA",1,"Retinol(ug/dL)","LBXVIA","Retinol (1SD(log))","1;2;3",8583,493,56
0.951518632691148,0.0254027993321832,0.942438145114421,0.0603235969676556,0.95171192611589,0.0257994914391085,"LBXVIC",1,"Vitamin C (mg/dL)","LBXVIC","Vitamin C (1SD(log))","3",2991,111,34
24.5837455908127,0.407225184700553,20.476307502002,0.747608542464937,24.697989309525,0.413683677814835,"LBXVID",1,"Vitamin D (ng/mL)","LBXVID","Vitamin D (1SD(log))","2;3",6000,265,46
1329.74611291249,12.2510054249892,1555.89515762419,50.3933312445119,1320.85769012699,12.463021149735,"LBXVIE",1,"a-Tocopherol(ug/dL)","LBXVIE","a-Tocopherol (1SD(log))","1;2;3",8557,492,56
7.28175499862737,0.0468460425956593,7.53912246943042,0.112838165490608,7.27157939388797,0.0483861619552964,"LBXWBCSI",1,"White blood cell count (1000 cells/uL)","LBXWBCSI","White blood cell count (1SD(log))","1;2;3",8602,496,56
3.84341119592606,0.0867934356765818,3.27328586827761,0.183907150530833,3.85550120235053,0.0885192346408102,"LBXZEA",1,"Zeaxanthin(ug/dL)","LBXZEA","Zeaxanthin (1SD(log))","3",2995,112,34
0.0274982231470476,0.00264811765023659,0.0237303688003594,0.00929974481614931,0.0276008388667843,0.00271469589720698,"lite_salt",1,"Light Salt","lite_salt","Light Salt","2;3",5933,259,46
48.7232366033365,6.00288789221952,36.9101824135248,6.42093894440842,49.1941307556086,6.23581897677244,"MAGNESIUM_mg",1,"MAGNESIUM_mg","MAGNESIUM_mg","MAGNESIUM_mg (1SD)","1;2;3",8528,495,56
0.505037937384729,0.00548599069609163,0.587995858336219,0.0309508399376347,0.501759318204231,0.00589615029527626,"male",1,"male","male","male","1;2;3",8607,496,56
71.5555469674991,0.256200664412021,68.9066079314797,1.43450633108065,71.6273779840028,0.249134821464197,"MDIS",1,"mean diastolic","MDIS","mean diastolic (1SD)","1;2;3",6784,269,57
117.663591717137,0.375996535733015,123.040615529386,1.31889933716339,117.51778349696,0.372022878422519,"MSYS",1,"mean systolic","MSYS","mean systolic (1SD)","1;2;3",6784,269,57
0.290122026642698,0.0133550699459435,0.36590790550168,0.0427229914250871,0.288058034303974,0.0133772557549689,"no_salt",1,"No Salt","no_salt","No Salt","2;3",5933,259,46
7.53141416060748,0.19606983508238,7.42644818594622,0.522242482326324,7.5427610770603,0.201671892827904,"number_close_friends",1,"number_close_friends","number_close_friends","number_close_friends (1SD)","1;2;3",3686,420,44
0.665956370053422,0.0140675912710543,0.586319200454829,0.0445104039692248,0.668125250462331,0.0140890303796899,"ordinary_salt",1,"Ordinary Salt","ordinary_salt","Ordinary Salt","2;3",5933,259,46
0.211279375548239,0.0100937229715179,0.23549098663554,0.023561070217059,0.210322436151236,0.0101095383845264,"pest_control_home_last_month",1,"pest_control_home_last_month","pest_control_home_last_month","pest_control_home_last_month","1;2;3",8573,494,56
0.273779299548199,0.015865265254147,0.23539049688373,0.0345347914466004,0.275302490981787,0.0158030510828597,"pest_control_yard_last_month",1,"pest_control_yard_last_month","pest_control_yard_last_month","pest_control_yard_last_month","1;2;3",5934,344,55
30.6893437854666,6.22344604451638,20.6513692935875,2.72382213026365,31.0876181220228,6.46626318516356,"PHOSPHORUS_mg",1,"PHOSPHORUS_mg","PHOSPHORUS_mg","PHOSPHORUS_mg (1SD)","1;2;3",8566,495,56
1.71277785972364,0.0286134580741619,1.10940169752896,0.0792566621715715,1.73662417404465,0.0284151005469683,"physical_activity",1,"Physical Activity (MET-based rank)","physical_activity","Physical Activity (1SD)","1;2;3",8607,496,56
0.153226374595427,0.00729012005464977,0.437517496099791,0.0390601325849467,0.142001040985632,0.00679935243641165,"pneu",1,"pneumonia","pneu","pneumonia","1;2;3",8249,473,56
22.971874780311,4.49233661436154,23.7174710148543,4.56468832799052,22.9422709113635,4.66056346082721,"POTASSIUM_mg",1,"POTASSIUM_mg","POTASSIUM_mg","POTASSIUM_mg (1SD)","1;2;3",8562,495,56
0.140518780178541,0.0151148242223758,0.117498032738503,0.0251403562771925,0.14142927979999,0.0152157150793973,"private_water_source",1,"private water source","private_water_source","private water source","1;2;3",8548,491,56
2.77896037007363,0.0621608279166854,2.40142611660372,0.24286323330901,2.78875338057103,0.0630594222354224,"quantity_drink_per_day",1,"drink per day","quantity_drink_per_day","drink per day (1SD)","1;2;3",6483,262,56
4.02489511919312,0.302724152908584,3.07686092845833,1.17764478432501,4.06261628194877,0.311835631205214,"RIBOFLAVIN_mg",1,"RIBOFLAVIN_mg","RIBOFLAVIN_mg","RIBOFLAVIN_mg (1SD)","1;2;3",8483,492,56
44.7675687566237,0.266225328795218,66.0536254199805,1.13603428258142,43.9263124564029,0.26321166539489,"RIDAGEYR",1,"Age at Screening Adjudicated - Recode","RIDAGEYR","Age at Screening Adjudicated - Recode (1SD)","1;2;3",8607,496,56
0.576107226725454,0.0255792590701949,0.597237290547427,0.062349362827866,0.575165703889334,0.0257347191195765,"rooms_treated",1,"rooms_treated","rooms_treated","rooms_treated","1;2;3",1370,94,56
0.0130756065591895,0.00152841397689684,0.0240425252431315,0.00929202647647039,0.0127769277487849,0.00149784506388082,"salt_substitute",1,"Salt Substitute","salt_substitute","Salt Substitute","2;3",5933,259,46
17.9818448067289,1.41110022072756,16.5621759525935,3.01980726066746,18.0382899898574,1.43813916756243,"SELENIUM_mcg",1,"SELENIUM_mcg","SELENIUM_mcg","SELENIUM_mcg (1SD)","1;2;3",8556,495,56
0.236321203150882,0.0101421251409638,0.322055807461776,0.0371804631132452,0.232932367726532,0.0104148205419276,"SMD410",1,"Does anyone smoke in home?","SMD410","Does anyone smoke in home?","1;2;3",8603,496,56
1.54753842177954,0.0245510798135181,1.47896708167109,0.0822370105511853,1.55128589261136,0.025192543592074,"SMD415",1,"Total number of smokers in home","SMD415","Total number of smokers in home (1SD)","1;2;3",1852,142,55
1.54322154799425,0.0249907190176308,1.48544376090303,0.0824830643252966,1.54641238015458,0.0256971087517069,"SMD415A",1,"Total # of cigarette smokers in home","SMD415A","Total # of cigarette smokers in home (1SD)","1;2;3",1799,139,56
17.0883000204081,0.59583049217801,18.9008961209862,1.90009015956761,16.9897792146907,0.592476405603636,"SMD430",1,"Total # of cigarettes smoked in home","SMD430","Total # of cigarettes smoked in home (1SD)","1;2;3",1768,135,56
0.00513271911012644,0.00250489167554243,0,0,0.00524876097737687,0.00256297406561006,"spring_water",1,"Spring Water","spring_water","Spring Water","3",2014,83,35
1.29743272667419,0.0425212036334264,1.49737180588307,0.121550319426907,1.28953914535207,0.0435088936278545,"supplement_count",1,"total supplement count","supplement_count","total supplement count (1SD)","1;2;3",8596,495,56
0.0738344167054604,0.00503910625831061,0.104017188589433,0.0306374161049349,0.0723572430913029,0.00539360238351624,"TBQ020",1,"Ever told had positive TB skin test","TBQ020","Ever told had positive TB skin test","1",1810,141,80
0.00429179813513638,0.00141085445100755,0.00978523143426721,0.00751633873445314,0.00399220465883306,0.00138969552993342,"TBQ040",1,"Ever told you had active TB","TBQ040","Ever told you had active TB","1",2564,226,80
0.0345049624048461,0.00393733475791963,0.0839131627797222,0.026026746898369,0.0318280361732227,0.00330396919011816,"TBQ060",1,"Lived in household TB sick person","TBQ060","Lived in household TB sick person","1",2568,227,80
4.81310791649149,0.474775102632244,3.89008760524828,1.38241540119008,4.84983516939166,0.479510563082779,"THIAMIN_mg",1,"THIAMIN_mg","THIAMIN_mg","THIAMIN_mg (1SD)","1;2;3",8482,492,56
78.071580633827,2.37325869406607,110.940185586828,11.2975361736914,77.2179599711191,2.35696875840887,"total_days_drink_year",1,"days drink in year","total_days_drink_year","days drink in year (1SD)","1;2;3",6486,263,56
0.61829578220045,0.018970833342551,0.512916659487481,0.0748740062996554,0.622951015405293,0.0181265244683261,"treatment_in_home_non_pro",1,"treatment_in_home_non_pro","treatment_in_home_non_pro","treatment_in_home_non_pro","1;2;3",1696,109,57
0.684650237401464,0.0234383074052746,0.624344435590213,0.0729774097106429,0.686681103503321,0.0234213896249358,"treatment_in_yard_non_pro",1,"treatment_in_yard_non_pro","treatment_in_yard_non_pro","treatment_in_yard_non_pro","1;2;3",1425,69,55
311.293225635952,30.3464290799429,180.434716470013,23.9045968660548,315.583149137,31.4189764708303,"URXDAZ",1,"Daidzein (ng/mL)","URXDAZ","Daidzein (1SD(log))","1;2;3",2923,139,56
58.7718622612329,6.74021053729798,28.6809849582962,6.37403954477907,59.7426796719132,6.98147025580492,"URXDMA",1,"o-Desmethylangolensin (O-DMA) (ng/mL)","URXDMA","o-Desmethylangolensin (1SD(log))","1;2;3",2828,132,56
0.542889718215144,0.292784278702553,0.130951165570509,0.00655923675488786,0.55441272636906,0.301279342645035,"URXDPY",1,"diethylaminomethylpyrimidinol/one (ug/L)","URXDPY","diethylaminomethylpyrimidinol/one (1SD(log))","2;3",1897,80,46
59.502297872522,19.0092169459009,19.8538848969651,4.00315033775818,60.7477881311083,19.6307272083513,"URXEQU",1,"Equol (ng/mL)","URXEQU","Equol (1SD(log))","1;2;3",2796,128,55
115.993905659545,14.5640822946013,302.639308976853,242.006364985175,109.871282126202,12.4102884701476,"URXETD",1,"Enterodiol (ng/mL)","URXETD","Enterodiol (1SD(log))","1;2;3",2917,139,56
820.589377257042,80.6418388984494,742.272527561848,146.147252875731,823.156719634908,83.5859372033136,"URXETL",1,"Enterolactone (ng/mL)","URXETL","Enterolactone (1SD(log))","1;2;3",2923,139,56
159.568231325092,14.5170523617863,105.511287339527,16.8699526598799,161.339956623939,15.0470127218612,"URXGNS",1,"Genistein (ng/mL)","URXGNS","Genistein (1SD(log))","1;2;3",2924,139,56
39.5184723703905,3.60594332669748,42.7382378978255,7.14671026113663,39.4150307451517,3.7093915099766,"URXMBP",1,"Mono-n-butyl phthalate","URXMBP","Mono-n-butyl phthalate (1SD(log))","1;2;3",2922,136,56
5.32638299574493,0.408667841793937,10.0355347421868,3.96202176478995,5.21841718454024,0.420462796416316,"URXMC1",1,"Mono-(3-carboxypropyl) phthalate","URXMC1","Mono- phthalate (1SD(log))","2;3",2047,69,47
0.873340385359542,0.0373723190573193,1.01598983378592,0.0829971811609121,0.868757476865457,0.0385183862106583,"URXMCP",1,"Mono-cyclohexyl phthalate","URXMCP","Mono-cyclohexyl phthalate (1SD(log))","1;2;3",2922,136,56
429.543450089106,27.4480445345329,382.331415621516,170.015895389644,431.060927156153,31.5606941465115,"URXMEP",1,"Mono-ethyl phthalate","URXMEP","Mono-ethyl phthalate (1SD(log))","1;2;3",2919,135,56
0.118137195491753,0.00346025694565659,0.133555386735626,0.0104535223723956,0.11770408820854,0.00352000799199071,"URXMET",1,"Metolachlor mercapturate (ug/L) result","URXMET","Metolachlor mercapturate result (1SD(log))","2;3",1929,83,47
59.0663018762799,4.51655214272987,49.9384475966411,26.882356322648,59.2755744257585,4.5780047514429,"URXMHH",1,"Mono-(2-ethyl-5-hydroxyhexyl) phthalate","URXMHH","Mono- phthalate (1SD(log))","2;3",2047,69,47
9.65659827082585,0.926021733868096,6.17500951071927,1.37107654139481,9.76845150879921,0.952472622115376,"URXMHP",1,"Mono-(2-ethyl)-hexyl phthalate","URXMHP","Mono--hexyl phthalate (1SD(log))","1;2;3",2922,136,56
5.31840579362389,0.17552927197535,4.76977530738522,1.26672053977203,5.3309841386609,0.175491622359445,"URXMIB",1,"Mono-isobutyl phthalate","URXMIB","Mono-isobutyl phthalate (1SD(log))","2;3",2047,69,47
4.9957879606767,0.824764400976973,2.79363930519442,0.661429860197623,5.04627619694178,0.844894593205093,"URXMNM",1,"Mono-n-methyl phthalate","URXMNM","Mono-n-methyl phthalate (1SD(log))","2;3",2047,69,47
1.88721502950139,0.529416564485953,1.03110361268756,0.0538226189626378,1.91471937899086,0.546596893019663,"URXMNP",1,"Mono-isononyl phthalate","URXMNP","Mono-isononyl phthalate (1SD(log))","1;2;3",2922,136,56
38.0491359511762,2.93460695132586,33.4044049524085,18.8967304970275,38.1556248003598,2.97793899721716,"URXMOH",1,"Mono-(2-ethyl-5-oxohexl) phthalate","URXMOH","Mono- phthalate (1SD(log))","2;3",2047,69,47
1.40106221765493,0.0533739939157688,1.56622397571496,0.176869359206802,1.39575605466403,0.0534645054869591,"URXMOP",1,"Mono-n-octyl phthalate","URXMOP","Mono-n-octyl phthalate (1SD(log))","1;2;3",2922,136,56
18.3585336938942,0.84400088253706,21.9183960469086,4.39310115524889,18.2441657548984,0.835523153874064,"URXMZP",1,"Mono-benzyl phthalate","URXMZP","Mono-benzyl phthalate (1SD(log))","1;2;3",2922,136,56
436.067153314002,11.3673805943407,439.74028334085,43.2496834450823,435.898251207335,11.5516073787843,"URXNT",1,"N-Telopeptides (nmol BCE)","URXNT","N-Telopeptides (1SD(log))","1;2",5540,368,68
7785.26243497285,544.761335650822,10874.4657442815,2010.32263992747,7715.80463533712,556.662577516945,"URXP01",1,"1-napthol (ng/L)","URXP01","1-napthol (1SD(log))","2;3",2030,67,47
7033.38243698529,405.489736585457,10029.3452159353,1969.91644023172,6964.78775327204,415.105727298884,"URXP02",1,"2-napthol (ng/L)","URXP02","2-napthol (1SD(log))","2;3",2022,68,47
590.979379462183,70.2367311403891,525.505040416244,90.9154731075309,593.010224633918,71.5758865965469,"URXP03",1,"3-fluorene (ng/L)","URXP03","3-fluorene (1SD(log))","1;2;3",2779,128,56
1151.67764078511,132.308039120272,1067.64368583627,182.712070625709,1154.28114043439,133.922971751255,"URXP04",1,"2-fluorene (ng/L)","URXP04","2-fluorene (1SD(log))","1;2;3",2785,128,56
263.184016949159,19.8757575025547,826.176005270936,436.177740317088,246.376705202428,12.189249478068,"URXP05",1,"3-phenanthrene (ng/L)","URXP05","3-phenanthrene (1SD(log))","1;2;3",2733,122,56
304.656503987629,21.683725034431,493.264427683575,163.654217715968,298.905039864066,21.4280111967018,"URXP06",1,"1-phenanthrene (ng/L)","URXP06","1-phenanthrene (1SD(log))","1;2;3",2752,124,55
173.958705660437,12.2255086854229,177.446814492648,30.5399775919394,173.853425786789,12.6461115649368,"URXP07",1,"2-phenanthrene (ng/L)","URXP07","2-phenanthrene (1SD(log))","1;2;3",2726,120,55.5
11.8852274756249,2.44814353656622,8.11329492433049,1.53292771013134,12.0021088731026,2.53558983021413,"URXP08",1,"1-benzo[c] phenanthrene (ng/L)","URXP08","1-benzo[c] phenanthrene (1SD(log))","1;2;3",2664,120,56
150.744495455986,10.4082676714008,137.178985311197,23.0204439022782,151.167322832702,10.9970810110118,"URXP10",1,"1-pyrene (ng/L)","URXP10","1-pyrene (1SD(log))","1;2;3",2780,128,56
9.2046953653894,2.59842333090558,8.64184427334946,2.3576826426048,9.22160856272149,2.6718096000478,"URXP11",1,"2-benzo[c] phenanthrene (ng/L)","URXP11","2-benzo[c] phenanthrene (1SD(log))","1;2;3",2648,118,56
5.36719604222144,0.439629082895503,6.73548547098209,1.64820559835593,5.3244874237965,0.449949146537507,"URXP12",1,"1-benzo[a] anthracene (ng/L)","URXP12","1-benzo[a] anthracene (1SD(log))","1;2;3",2624,119,56
8.0655974567182,0.653948173959639,13.2039126399609,3.48225145221101,7.90800168616935,0.626876591591361,"URXP13",1,"6-chrysene (ng/L)","URXP13","6-chrysene (1SD(log))","1;2;3",2691,121,56
4.44089189257252,0.167049199785476,4.89524741679983,1.0647241870449,4.42677106347196,0.162959494593071,"URXP14",1,"3-benzo[c] phenanthrene (ng/L)","URXP14","3-benzo[c] phenanthrene (1SD(log))","1;2;3",2660,120,56
9.13743863015584,0.316689162018006,7.66964187365277,0.682964175547259,9.18261946013451,0.330194006038973,"URXP15",1,"3-chrysene (ng/L)","URXP15","3-chrysene (1SD(log))","1;2;3",2658,118,56
7.63999019127172,0.31852751393084,10.1405307809794,1.66488144848687,7.56449954295396,0.317084157121452,"URXP16",1,"3-benz[a] anthracene (ng/L)","URXP16","3-benz[a] anthracene (1SD(log))","1;2;3",2632,114,56
460.847831592412,26.2407364654251,553.412658602962,108.696919815006,458.754625315195,27.1825840423622,"URXP17",1,"9-fluorene (ng/L)","URXP17","9-fluorene (1SD(log))","2;3",1993,67,47
74.0782557851319,5.16137895006167,80.4198555656945,12.2472403154251,73.9366085275357,5.18642113621688,"URXP19",1,"4-phenanthrene (ng/L)","URXP19","4-phenanthrene (1SD(log))","2;3",1968,64,48
17.0603221489739,1.49242290110695,33.0382221429125,11.9650385750787,16.6944071640958,1.4525693060137,"URXP20",1,"1-chrysene (ng/L)","URXP20","1-chrysene (1SD(log))","2;3",1921,64,48
5.31879636167839,0.444014725644704,6.46879555662921,1.24308536494318,5.29436853353132,0.444478568212765,"URXP21",1,"2-chrysene (ng/L)","URXP21","2-chrysene (1SD(log))","2;3",1910,60,49
4.13329996182412,0.513879063375367,6.1757618348858,3.42885554569873,4.08719506464792,0.518672529904125,"URXP22",1,"4-chrysene (ng/L)","URXP22","4-chrysene (1SD(log))","2;3",1934,64,48
47.5484783077647,15.0108863904831,26.1325768327276,6.80634377856556,48.0447827089713,15.3529376329808,"URXP24",1,"3-benzo(a) pyrene (ng/L)","URXP24","3-benzo (1SD(log))","2;3",1895,64,49
2.40248484108069,0.118975450213983,2.59064758646353,0.355997339205793,2.39464430888188,0.124027539945198,"URXUBA",1,"Barium, urine (ng/mL)","URXUBA","Barium, urine (1SD(log))","1;2;3",2723,165,55
0.0888807795788454,0.000404874861132171,0.0897771662482394,0.000316336791496362,0.0888426028622832,0.00041758547137168,"URXUBE",1,"Beryllium, urine (ng/mL)","URXUBE","Beryllium, urine (1SD(log))","1;2;3",2797,174,56
0.464184915604639,0.0321679058637947,0.922385386075601,0.147921532729112,0.444922356983151,0.0317286423359804,"URXUCD",1,"Cadmium, urine (ng/mL)","URXUCD","Cadmium, urine (1SD(log))","1;2;3",2725,166,55
0.468687474328963,0.0252111624409086,0.516183858686927,0.045439075741767,0.466664624073296,0.0262334111679578,"URXUCO",1,"Cobalt, urine (ng/mL)","URXUCO","Cobalt, urine (1SD(log))","1;2;3",2797,174,56
130.676608872837,1.61642932429012,128.499635079362,7.44126368546782,130.760187746049,1.54703163234444,"URXUCR",1,"Creatinine, urine (mg/dL)","URXUCR","Creatinine, urine (1SD(log))","1;2;3",8545,478,56
11551.8094325857,142.892034570173,11359.3354622625,657.801062997728,11559.1989370485,136.757374644136,"URXUCRSI",1,"Creatinine, urine (umol/L)","URXUCRSI","Creatinine, urine (1SD(log))","1;2;3",8545,478,56
5.86007576459489,0.15646170285078,6.10501489175677,1.1176313510716,5.84964391419828,0.158704746621161,"URXUCS",1,"Cesium, urine (ng/mL)","URXUCS","Cesium, urine (1SD(log))","1;2;3",2797,174,56
310.932829401025,48.3008608416076,277.034754737505,30.6466832042235,311.888327333711,50.0719628548902,"URXUIO",1,"Iodine, urine (ng/mL)","URXUIO","Iodine, urine (1SD(log))","2;3",1942,82,46
34.4383702768195,3.75127242907395,199.113866354984,44.8488770179949,28.1163693119044,3.55632689472667,"URXUMA",1,"Albumin, urine (ug/mL)","URXUMA","Albumin, urine (1SD(log))","1;2;3",8546,478,56
34.4384249221711,3.75127907404409,199.114213822206,44.8490761385981,28.1164127156312,3.55632610935914,"URXUMASI",1,"Albumin, urine (mg/L) SI","URXUMASI","Albumin, urine SI (1SD(log))","1;2;3",8546,478,56
57.2025324986515,1.65940413430424,65.0508220780362,8.07265437227646,56.8729769862655,1.69290091816242,"URXUMO",1,"Molybdenum, urine (ng/mL)","URXUMO","Molybdenum, urine (1SD(log))","1;2;3",2732,166,55
0.991334549674856,0.0228594244026285,1.30951214351022,0.113219339836079,0.977783504985085,0.0224161876523605,"URXUPB",1,"Lead, urine (ng/mL)","URXUPB","Lead, urine (1SD(log))","1;2;3",2797,174,56
0.0363422311054774,0.00120690866192998,0.036154261676788,0.0032315976057488,0.0363502366413097,0.00124410034818035,"URXUPT",1,"Platinum, urine (ng/mL)","URXUPT","Platinum, urine (1SD(log))","1;2;3",2797,174,56
0.154572447429317,0.00596185245813822,0.164552167414996,0.012236721397934,0.154143427754621,0.00634167828105963,"URXUSB",1,"Antimony, urine (ng/mL)","URXUSB","Antimony, urine (1SD(log))","1;2;3",2727,170,55
0.202326923383125,0.00420789882473694,0.166407215001795,0.0119320336466122,0.203840888187094,0.00432194449581788,"URXUTL",1,"Thallium, urine (ng/mL)","URXUTL","Thallium, urine (1SD(log))","1;2;3",2773,170,56
0.119162387424688,0.00689494717653944,0.180531504332344,0.0437211436990663,0.11650631639296,0.00671638062050638,"URXUTU",1,"Tungsten, urine (ng/mL)","URXUTU","Tungsten, urine (1SD(log))","1;2;3",2745,171,55
0.0129971025050844,0.00136800478550569,0.0153543687876001,0.00281974494636842,0.0129290381485366,0.00137489574400216,"URXUUR",1,"Uranium, urine (ng/mL)","URXUUR","Uranium, urine (1SD(log))","2;3",1978,100,46
0.309165831509654,0.0186117458048416,0.241089335125982,0.0288721033923307,0.311860903479503,0.018806798107888,"use_water_treatment",1,"use water treatment","use_water_treatment","use water treatment","1;2;3",8585,495,56
2126.63906651357,220.998045997202,1807.41343815509,192.505534871679,2139.31354936816,229.836686588578,"VITAMIN_A_IU",1,"VITAMIN_A_IU","VITAMIN_A_IU","VITAMIN_A_IU (1SD)","1;2;3",8498,492,56
19.8330788941174,1.7305019737908,16.5742593090037,8.0800608244815,19.9627372546958,1.72697162746041,"VITAMIN_B_12_mcg",1,"VITAMIN_B_12_mcg","VITAMIN_B_12_mcg","VITAMIN_B_12_mcg (1SD)","1;2;3",8470,491,56
5.60263480806277,0.439028898640442,4.76437566367582,1.23932407912301,5.63604780601745,0.450451200105521,"VITAMIN_B_6_mg",1,"VITAMIN_B_6_mg","VITAMIN_B_6_mg","VITAMIN_B_6_mg (1SD)","1;2;3",8466,492,56
18268.5631260539,18175.568976166,122.621130482366,26.4565293770383,18985.4720925603,18896.1643015674,"VITAMIN_C_mg",1,"VITAMIN_C_mg","VITAMIN_C_mg","VITAMIN_C_mg (1SD)","1;2;3",8457,489,56
0.121960932603427,0.02954451745548,0.0563162071311871,0.0339338089884863,0.123445045868832,0.0298869276236655,"well_water",1,"Well Water","well_water","Well Water","3",2014,83,35
0.743448993621542,0.0163986026839459,0.789683011204309,0.0248968097290221,0.741621757173235,0.0165425853909454,"factor(RIDRETH1, levels = c(3, 1, 2, 4, 5))3",0,"Non-Hispanic White","RIDRETH1","Race(Mexican,Other Hispanic,White,African Am.,Other)","1;2;3",8607,496,56
0.0682602619231427,0.00839269352161886,0.040329904820376,0.0108087454410536,0.0693641107595769,0.00848589730830163,"factor(RIDRETH1, levels = c(3, 1, 2, 4, 5))1",1,"Mexican Am.","RIDRETH1","Race(Mexican,Other Hispanic,White,African Am.,Other)","1;2;3",8607,496,56
0.0610231899290021,0.0135075121252222,0.0399196958893206,0.0200588126448725,0.0618572310855361,0.0134734332412412,"factor(RIDRETH1, levels = c(3, 1, 2, 4, 5))2",2,"Other Hispanic","RIDRETH1","Race(Mexican,Other Hispanic,White,African Am.,Other)","1;2;3",8607,496,56
0.0898533782824995,0.00909392534338228,0.112369960376026,0.014519360623849,0.0889634898054935,0.00911021645352257,"factor(RIDRETH1, levels = c(3, 1, 2, 4, 5))4",3,"African Am.","RIDRETH1","Race(Mexican,Other Hispanic,White,African Am.,Other)","1;2;3",8607,496,56
0.0374141762438138,0.00515765941702615,0.0176974277099686,0.00824710831493095,0.038193411176159,0.00521395097513903,"factor(RIDRETH1, levels = c(3, 1, 2, 4, 5))5",4,"Other","RIDRETH1","Race(Mexican,Other Hispanic,White,African Am.,Other)","1;2;3",8607,496,56
0.568500677221541,0.0136790786104163,0.357104336146997,0.0279061568869106,0.576855371873779,0.0135293730019421,"factor(education, levels = c(3, 2, 1))3",0,">HS","education","education(<HS,HS,>HS)","1;2;3",8607,496,56
0.25032401631389,0.00948805805523075,0.259984821545632,0.0237330482736415,0.249942207066882,0.00959888380550854,"factor(education, levels = c(3, 2, 1))2",1,"HS","education","education(<HS,HS,>HS)","1;2;3",8607,496,56
0.181175306464569,0.00768992403125862,0.382910842307371,0.0245737945481243,0.173202421059339,0.00727983290746892,"factor(education, levels = c(3, 2, 1))1",2,"<HS","education","education(<HS,HS,>HS)","1;2;3",8607,496,56
0.406613741530248,0.0165021940236331,0.194986257869129,0.0273800515912405,0.414977571277834,0.0163400193070593,"factor(SES_LEVEL, levels = c(3, 2, 1))3",0,"SES 3","SES_LEVEL","SES_LEVEL(tertile)","1;2;3",8607,496,56
0.342080151520972,0.0103166767681492,0.408187826536772,0.0311125070947704,0.339467478869597,0.0102909237974785,"factor(SES_LEVEL, levels = c(3, 2, 1))2",1,"SES 2","SES_LEVEL","SES_LEVEL(tertile)","1;2;3",8607,496,56
0.25130610694878,0.013594302598521,0.396825915594099,0.0384241605850125,0.245554949852569,0.0131041006040476,"factor(SES_LEVEL, levels = c(3, 2, 1))1",2,"SES 1","SES_LEVEL","SES_LEVEL(tertile)","1;2;3",8607,496,56
0.336866969879812,0.00804382021033821,0.315189723650943,0.0266791500407694,0.337723686567636,0.00808499108579309,"factor(bmi, levels = c(2, 1, 3, 4, 5))2",0,"18.5-25","bmi","bmi(<18.5,18.5-25,25-30,30-35,>=35)","1;2;3",8607,496,56
0.0183275070949597,0.00174183654562337,0.0244869939439797,0.00921057134641281,0.018084075105662,0.00187420541000113,"factor(bmi, levels = c(2, 1, 3, 4, 5))1",1,"<18.5","bmi","bmi(<18.5,18.5-25,25-30,30-35,>=35)","1;2;3",8607,496,56
0.345902491915404,0.00868109551480308,0.299814152187818,0.0237989655481958,0.347723970960384,0.00884354336913156,"factor(bmi, levels = c(2, 1, 3, 4, 5))3",2,"25-30","bmi","bmi(<18.5,18.5-25,25-30,30-35,>=35)","1;2;3",8607,496,56
0.179821738990201,0.00483169790412552,0.211800093564176,0.0277520104954872,0.178557907333567,0.00514229976071987,"factor(bmi, levels = c(2, 1, 3, 4, 5))4",3,"20-35","bmi","bmi(<18.5,18.5-25,25-30,30-35,>=35)","1;2;3",8607,496,56
0.119081292119623,0.00562846802837702,0.148709036653083,0.0241709413850811,0.117910360032751,0.00595756421571993,"factor(bmi, levels = c(2, 1, 3, 4, 5))5",4,">=35","bmi","bmi(<18.5,18.5-25,25-30,30-35,>=35)","1;2;3",8607,496,56
0.0653011549388364,0.00385270368882781,0.314613536612141,0.0275396854421761,0.0554479625358128,0.00350014767748121,"any_cad",1,"any_cad","any_cad","any_cad","1;2;3",8607,496,56
0.381340643731252,0.00721800304629794,0.264844304134235,0.0195499344843426,0.385944750597479,0.00741013249933901,"any_family_cad",1,"any_family_cad","any_family_cad","any_family_cad","1;2;3",8607,496,56
0.606050760611112,0.01341802126203,0.562606231980911,0.0326341782278999,0.607718593689223,0.0135676557464457,"factor(DMDMARTL, levels = c(1, 2, 3, 4, 5, 6, 77))1",0,"married","DMDMARTL","marital_status(married,widow,divorced,separated,never married,with partner,refused)","1;2;3",8329,474,55
0.0483437877972058,0.00306483918590835,0.231641415524335,0.0268166511856005,0.0413070018933969,0.00289033502408322,"factor(DMDMARTL, levels = c(1, 2, 3, 4, 5, 6, 77))2",1,"widow","DMDMARTL","marital_status(married,widow,divorced,separated,never married,with partner,refused)","1;2;3",8329,474,55
0.0960005988511353,0.00491491705500926,0.134589177063303,0.0209122047062979,0.0945191854439981,0.00491406598278558,"factor(DMDMARTL, levels = c(1, 2, 3, 4, 5, 6, 77))3",2,"divorced","DMDMARTL","marital_status(married,widow,divorced,separated,never married,with partner,refused)","1;2;3",8329,474,55
0.0276484125633584,0.00279294236927399,0.0216764621118033,0.00613996470540169,0.0278776754145847,0.00285051016948582,"factor(DMDMARTL, levels = c(1, 2, 3, 4, 5, 6, 77))4",3,"separated","DMDMARTL","marital_status(married,widow,divorced,separated,never married,with partner,refused)","1;2;3",8329,474,55
0.15780380143294,0.00880851745177755,0.0343463842161268,0.0100815083901841,0.162543324927948,0.00894303972192252,"factor(DMDMARTL, levels = c(1, 2, 3, 4, 5, 6, 77))5",4,"never married","DMDMARTL","marital_status(married,widow,divorced,separated,never married,with partner,refused)","1;2;3",8329,474,55
0.0636254936324573,0.00536578947039644,0.0140051198616287,0.0066314395661814,0.0655304170677572,0.00551455044355053,"factor(DMDMARTL, levels = c(1, 2, 3, 4, 5, 6, 77))6",5,"with partner","DMDMARTL","marital_status(married,widow,divorced,separated,never married,with partner,refused)","1;2;3",8329,474,55
0.000527145111791958,0.00034563499208502,0.00113520924189257,0.00114007984280076,0.000503801563092716,0.000356341043074691,"factor(DMDMARTL, levels = c(1, 2, 3, 4, 5, 6, 77))77",6,"refused","DMDMARTL","marital_status(married,widow,divorced,separated,never married,with partner,refused)","1;2;3",8329,474,55
0.250992291814752,0.00932432338988327,0.228888663009724,0.0295493466435296,0.252352871840944,0.0101850195946042,"factor(occupation, levels = c(1, 2, 3, 4, 5))1",0,"white high","occupation","occupation(white high,white semi,blue high,blue semi,never)","1;2;3",5137,423,55
0.225478917877818,0.00858906406168531,0.169980697120862,0.0212850051698827,0.228895088648562,0.00880271675545335,"factor(occupation, levels = c(1, 2, 3, 4, 5))2",1,"white semi","occupation","occupation(white high,white semi,blue high,blue semi,never)","1;2;3",5137,423,55
0.129180403200941,0.00799504631970797,0.199977179775333,0.0253486844430273,0.124822535948664,0.00787318906936439,"factor(occupation, levels = c(1, 2, 3, 4, 5))3",2,"blue high","occupation","occupation(white high,white semi,blue high,blue semi,never)","1;2;3",5137,423,55
0.370554969154149,0.0107582799810242,0.365585062525641,0.0363233305803402,0.370860889767928,0.0106946572093526,"factor(occupation, levels = c(1, 2, 3, 4, 5))4",3,"blue semi","occupation","occupation(white high,white semi,blue high,blue semi,never)","1;2;3",5137,423,55
0.02379341795234,0.00303020932937784,0.0355683975684397,0.0125893953075095,0.0230686137939006,0.00303121949570792,"factor(occupation, levels = c(1, 2, 3, 4, 5))5",4,"never","occupation","occupation(white high,white semi,blue high,blue semi,never)","1;2;3",5137,423,55
0.45369770672408,0.0107869453387063,0.246292535313197,0.0274128010272273,0.461894664474744,0.0109243853402799,"factor(current_past_smoking, levels = c(1, 2, 3))1",0,"never smoker","current_past_smoking","smoking(never,past,current)","1;2;3",8607,496,56
0.275858051394595,0.00797303435440043,0.467484640385226,0.0321831054316472,0.268284686453042,0.00812363282498529,"factor(current_past_smoking, levels = c(1, 2, 3))2",1,"past smoker","current_past_smoking","smoking(never,past,current)","1;2;3",8607,496,56
0.270444241881325,0.00961653732604437,0.286222824301576,0.0359517812970456,0.269820649072214,0.0100051512903062,"factor(current_past_smoking, levels = c(1, 2, 3))3",2,"current smoker","current_past_smoking","smoking(never,past,current)","1;2;3",8607,496,56
